# What the frozen rules measure today, against what the code says.
# Written by scripts/drift.py in the two-day refresh. REPORT ONLY:
# nothing here changes a rule — a rule the record is judged against
# must not move on its own, or an improvement cannot be told from a
# ruler that shifted. A flag is an invitation to look, not a verdict.
# thresholds: label 2 points, side 2 points, bar 0.02, floor 200 cards
# written	2026-09-27
# check	subject	n	measured	code_says	delta	flag
label	green+	620	92.90	92.10	0.80	0
label	green	9295	88.15	88.00	0.15	0
label	orange	15540	83.60	82.90	0.70	0
label	released	235	81.70	80.90	0.80	0
label	pink	6458	78.35	78.30	0.05	0
label	super red	252	73.81	77.05	-3.24	1
label	red	1618	74.72	75.70	-0.98	0
side	claim 70-76: over vs under	1921	76.49	75.23	1.26	0
side	claim 76-80: over vs under	6330	79.06	77.33	1.74	0
side	claim 80-85: over vs under	15243	82.36	83.83	-1.46	0
side	claim 85-90: over vs under	9071	89.57	87.72	1.86	0
ladder	green+ over green	9915	92.90	88.15	4.75	0
ladder	green over orange	24835	88.15	83.60	4.55	0
ladder	orange over pink	21998	83.60	78.35	5.25	0
bar	85+ at 1.14	603	0.38	0.38	0.00	0
bar	80–85 at 1.18	1921	-2.00	-1.76	-0.09	1
bar	75–80 at 1.31	756	0.63	2.84	-0.04	1
strong	star at +6.34 vs the rest	77	68.83	74.52	-5.69	1
strong	star ROI vs the rest	77	-13.25	-2.30	-10.95	1
cell	SCO-L1 unders	191	89.53	85.32	4.21	0
cell	ESP-LL unders	166	86.75	82.31	4.44	0
cell	BEL-PL unders	239	89.96	85.34	4.62	0
cell	NED-ED overs	240	89.17	84.40	4.77	0
cell	GER-BL unders	159	86.79	82.02	4.77	0
cell	UCL overs	268	84.70	79.92	4.78	0
cell	COL-PA unders	410	90.73	85.90	4.83	0
cell	CRO-1L unders	257	91.05	86.16	4.89	0
cell	BRA-SA unders	332	87.35	81.87	5.48	0
cell	GRE-SL overs	195	87.18	80.83	6.35	0
cell	BEL-PL overs	204	85.29	78.88	6.41	0
cell	ESP-LL overs	168	86.31	78.80	7.51	0
cell	MAR-BP unders	171	95.32	86.02	9.30	1
