# What the card said, stamped when it said it. Append-only,
# written by scripts/webapp.py at render and graded by
# scripts/forward_settle.py. One row per fixture-lane, kept
# from FIRST sight so a later re-render cannot re-price it.
# stamped	date	league	fixture	tip	lane	claim	label	score	needs	consensus	best	book
2026-09-01 13:32	2026-09-01	SAU-PL	Al-Hilal v Al-Ahli	1	O1.5	84.9	orange	+1.07	1.271	1.11	1.26	Pinnacle
2026-09-01 13:32	2026-09-01	SUI-SL	Zürich v Young Boys	1	O1.5	83.8	orange	+3.77	1.271	1.07	1.11	Pinnacle
2026-09-01 13:32	2026-09-01	ENG-CH	Portsmouth v Derby	1	U4.25	83.7	orange	+1.94	1.271	1.06	1.10	Pinnacle
2026-09-01 13:32	2026-09-01	ENG-CH	Preston v Bristol City	1	U3.0	76.9	orange	-4.86	1.271	1.30	1.35	Pinnacle
2026-09-01 13:32	2026-09-01	ENG-CH	Sheffield United v Bolton	1	U3.0	76.8	orange	-4.96	1.271	1.34	1.38	1xBet
2026-09-01 13:32	2026-09-01	ENG-CH	Swansea v Watford	1	U4.25	83.6	orange	+1.84	1.271	1.09	1.12	Pinnacle
2026-09-01 13:32	2026-09-01	ENG-CH	Stoke v Norwich	1	U4.25	83.8	orange	+2.04	1.271	1.10	1.11	Nordic Bet
2026-09-01 13:32	2026-09-02	BRA-SB	Londrina v Juventude	1	U3.0	82.0	orange	-11.36	1.271	1.14	1.20	BetOnline.ag
2026-09-01 13:32	2026-09-02	JPN-J1	Cerezo Osaka v Kashiwa	1	U4.25	83.7	orange	-3.47	1.271	1.08	1.13	Pinnacle
2026-09-01 13:32	2026-09-02	JPN-J1	JEF United Chiba v Okayama	1	U4.25	88.8	green	+1.94	1.213	1.07	1.12	Pinnacle
2026-09-01 13:32	2026-09-02	JPN-J1	Machida Zelvia v Kawasaki	1	U4.25	85.9	green	+2.25	1.213	1.08	1.13	Pinnacle
2026-09-01 13:32	2026-09-02	JPN-J1	Mito Hollyhock v Kashima	1	U4.25	88.0	green	+2.30	1.213	1.06	1.09	Pinnacle
2026-09-01 13:32	2026-09-02	JPN-J1	Sanfrecce v Nagoya	1	U4.25	81.2	orange	-5.66	1.271	1.12	1.19	Tipico
2026-09-01 13:32	2026-09-02	JPN-J1	Shimizu v FC Tokyo	1	U4.25	89.2	green	+4.50	1.213	1.05	1.09	Pinnacle
2026-09-01 13:32	2026-09-02	JPN-J1	Tokyo Verdy v Vissel Kobe	1	U4.25	89.6	orange	+2.68	1.271	1.02	1.02	1xBet
2026-09-01 13:32	2026-09-02	JPN-J1	Nagasaki v Gamba Osaka	1	U4.25	87.5	green	-3.06	1.213	1.08	1.13	Pinnacle
2026-09-01 13:32	2026-09-02	JPN-J1	Yokohama FM v Kyoto Sanga	1	U4.25	90.2	orange	+6.73	1.271	1.07	1.12	Pinnacle
2026-09-01 13:32	2026-09-01	ENG-CH	Lincoln v Blackburn	1	U4.25	83.7	orange	+1.94	1.271	1.08	1.12	Pinnacle
2026-09-01 13:32	2026-09-01	ENG-CH	Birmingham v Southampton	1	U4.25	83.6	orange	+1.84	1.271	1.10	1.13	Nordic Bet
2026-09-01 13:32	2026-09-02	JPN-J1	Avispa Fukuoka v Urawa Reds	1	U4.25	88.2	green	+4.91	1.213	1.04	1.09	Pinnacle
2026-09-01 16:25	2026-09-01	ENG-CH	Preston v Bristol City	1	U3.5	76.9	orange	-0.61	1.271	1.30	1.36	Pinnacle
2026-09-01 16:25	2026-09-01	ENG-CH	Sheffield United v Bolton	1	U3.5	76.8	orange	-5.64	1.271	1.36	1.39	BetOnline.ag
2026-09-01 16:25	2026-09-02	BRA-SB	Londrina v Juventude	1	U3.5	82.0	orange	-12.03	1.271	1.16	1.29	Pinnacle
2026-09-01 16:25	2026-09-01	SUI-SL	Zürich v Young Boys	1	O1.0	83.8	orange	-5.19	1.271	1.01	1.01	Matchbook
2026-09-01 16:25	2026-09-01	ENG-CH	Portsmouth v Derby	1	U4.5	83.7	orange	+1.26	1.271	1.07	1.10	Pinnacle
2026-09-01 16:25	2026-09-01	ENG-CH	Swansea v Watford	1	U4.5	83.6	orange	+6.30	1.271	1.08	1.11	Pinnacle
2026-09-01 16:25	2026-09-01	ENG-CH	Lincoln v Blackburn	1	U4.5	83.7	orange	-4.61	1.271	1.08	1.12	Pinnacle
2026-09-01 16:25	2026-09-01	ENG-CH	Birmingham v Southampton	1	U4.5	83.6	orange	+2.98	1.271	1.13	1.14	BetOnline.ag
2026-09-01 16:25	2026-09-01	ENG-CH	Stoke v Norwich	1	U4.5	83.8	orange	-1.19	1.271	1.09	1.11	Pinnacle
2026-09-01 16:25	2026-09-02	JPN-J1	Avispa Fukuoka v Urawa Reds	1	U4.5	88.2	green	+4.02	1.213	1.06	1.09	Pinnacle
2026-09-01 16:25	2026-09-02	JPN-J1	Cerezo Osaka v Kashiwa	1	U4.5	83.7	orange	-1.64	1.271	1.10	1.14	Pinnacle
2026-09-01 16:25	2026-09-02	JPN-J1	JEF United Chiba v Okayama	1	U4.5	88.8	green	+0.91	1.213	1.07	1.13	Pinnacle
2026-09-01 16:25	2026-09-02	JPN-J1	Machida Zelvia v Kawasaki	1	U4.5	85.9	green	+3.27	1.213	1.08	1.13	Pinnacle
2026-09-01 16:25	2026-09-02	JPN-J1	Mito Hollyhock v Kashima	1	U4.5	88.0	green	+0.77	1.213	1.06	1.11	BetOnline.ag
2026-09-01 16:25	2026-09-02	JPN-J1	Sanfrecce v Nagoya	1	U4.5	81.2	orange	-6.69	1.271	1.12	1.19	Tipico
2026-09-01 16:25	2026-09-02	JPN-J1	Shimizu v FC Tokyo	1	U4.5	89.2	green	+2.24	1.213	1.05	1.11	BetOnline.ag
2026-09-01 16:25	2026-09-02	JPN-J1	Tokyo Verdy v Vissel Kobe	1	U4.5	89.6	orange	+3.70	1.271	1.02	1.02	1xBet
2026-09-01 16:25	2026-09-02	JPN-J1	Nagasaki v Gamba Osaka	1	U4.5	87.5	green	+0.48	1.213	1.08	1.14	Pinnacle
2026-09-01 16:25	2026-09-02	JPN-J1	Yokohama FM v Kyoto Sanga	1	U4.5	90.2	orange	+3.56	1.271	1.08	1.13	Pinnacle
2026-09-01 16:42	2026-09-02	ENG-CH	Millwall v Wrexham	1	U3.5	76.1	orange	-4.81	1.271	1.28	1.33	Pinnacle
2026-09-01 16:42	2026-09-02	ENG-CH	West Brom v Charlton	1	U3.5	76.8	orange	-1.04	1.271	1.25	1.39	Pinnacle
2026-09-01 16:42	2026-09-02	DEN-SL	AGF v Midtjylland	1	O1.0	81.8	orange	-1.59	1.271	1.02	1.05	Pinnacle
2026-09-01 16:42	2026-09-02	ENG-CH	Burnley v Middlesbrough	1	O1.0	77.2	red	-0.49	1.360	1.03	1.03	Pinnacle
2026-09-01 16:42	2026-09-02	CHI-PD	Coquimbo Unido v U. de Concepción	1	U4.5	87.2	orange	+3.60	1.271	1.09	1.12	Coolbet
2026-09-01 16:42	2026-09-02	BRA-SA	Flamengo v Mirassol	1	U4.5	83.0	orange	+0.70	1.271	1.16	1.20	1xBet
2026-09-01 16:42	2026-09-03	CHI-PD	Deportes Limache v Ñublense	1	U4.5	84.7	green	+3.56	1.213	1.09	1.12	Coolbet
2026-09-01 16:42	2026-09-03	SAU-PL	Al-Fayha v Al-Kholood	1	U4.5	86.0	orange	+8.17	1.271	1.03	1.10	Pinnacle
2026-09-01 17:09	2026-09-02	BEL-PL	St Truiden v St. Gilloise	1	O1.0	76.6	red	-8.12	1.360	1.02	1.04	Pinnacle
2026-09-01 17:11	2026-09-02	SUI-SL	Luzern v Vaduz	1	U4.5	83.8	orange	+5.63	1.271	1.32	1.41	Pinnacle
2026-09-01 17:11	2026-09-02	SUI-SL	Thun v Lausanne	1	O1.0	82.7	orange	-4.46	1.271	1.01	1.01	Coolbet
2026-09-01 19:08	2026-09-02	ENG-CH	Millwall v Wrexham	1	U4.5	83.6	orange	+4.96	1.271	1.07	1.11	Pinnacle
2026-09-01 19:12	2026-09-02	DEN-SL	AGF v Midtjylland	1	O1.5	81.8	orange	-0.08	1.271	1.17	1.31	Coolbet
2026-09-01 19:12	2026-09-02	BEL-PL	St Truiden v St. Gilloise	1	O1.5	76.6	red	-7.91	1.360	1.22	1.31	Pinnacle
2026-09-01 19:12	2026-09-02	SUI-SL	Thun v Lausanne	1	O1.5	82.7	orange	-4.46	1.271	1.10	1.23	Coolbet
2026-09-01 19:12	2026-09-02	ENG-CH	Burnley v Middlesbrough	1	O1.5	79.2	super red	-17.92	1.376	1.21	1.30	Pinnacle
2026-09-01 19:29	2026-09-03	BEL-PL	Anderlecht v Kortrijk	1	U4.5	85.3	green	+3.67	1.213	1.17	1.22	1xBet
2026-09-01 19:29	2026-09-03	SUI-SL	Lugano v Servette	1	O1.5	82.6	orange	-5.43	1.271	1.18	1.35	Coolbet
2026-09-01 19:29	2026-09-04	BRA-SB	Náutico v Botafogo-SP	1	U3.5	82.0	orange	-20.74	1.271	1.22	1.33	Pinnacle
2026-09-01 19:29	2026-09-03	POL-EK	Raków v Górnik	1	O1.5	78.8	red	-11.80	1.360	1.23	1.27	BetOnline.ag
2026-09-01 19:29	2026-09-03	SAU-PL	Neom v Al-Khaleej	1	U4.5	84.2	orange	+6.37	1.271	1.10	1.14	Unibet (SE)
2026-09-01 19:29	2026-09-03	POL-EK	Lech v Jagiellonia	1	O1.5	79.7	super red	-13.81	1.376	1.10	1.20	Coolbet
2026-09-01 19:29	2026-09-03	SUI-SL	Basel v Sion	1	O1.5	83.8	orange	+4.50	1.271	1.10	1.23	Coolbet
2026-09-01 19:29	2026-09-03	FRA-L1	Toulouse v Lille	1	U4.5	83.4	orange	+7.85	1.271	1.06	1.11	1xBet
2026-09-01 19:29	2026-09-03	ESP-LL	Real Sociedad v Celta	1	O1.5	76.3	super red	-19.45	1.376	1.26	1.32	1xBet
2026-09-01 19:35	2026-09-04	GER-B2	Bielefeld v St. Pauli	1	O1.5	82.9	orange	+2.94	1.271	1.16	1.31	Coolbet
2026-09-01 19:35	2026-09-04	NOR-EL	Aalesund v IK Start	1	O1.5	80.5	orange	-9.84	1.271	1.14	1.28	Coolbet
2026-09-01 19:35	2026-09-04	FRA-L2	Pau v Sochaux	1	U3.5	78.8	orange	-4.72	1.271	1.20	1.35	Pinnacle
2026-09-01 19:35	2026-09-04	NED-ED	Sparta v Zwolle	1	U4.5	83.7	orange	+2.03	1.271	1.24	1.37	Pinnacle
2026-09-01 19:35	2026-09-04	SAU-PL	Al-Ahli v Al-Riyadh	1	O1.5	83.0	orange	-0.61	1.271	1.32	1.35	Unibet (SE)
2026-09-01 19:35	2026-09-04	SAU-PL	Al-Shabab v Al-Hilal	1	O1.5	85.2	orange	+1.59	1.271	1.32	1.35	Unibet (SE)
2026-09-01 19:35	2026-09-04	ESP-L2	Las Palmas v Leganés	1	U3.5	77.8	orange	-6.26	1.271	1.24	1.41	BetAnything
2026-09-01 19:35	2026-09-04	ENG-PL	Ipswich v Liverpool	1	U4.5	84.5	orange	+1.28	1.271	1.23	1.38	Pinnacle
2026-09-01 19:35	2026-09-04	NOR-EL	Sandefjord v Viking	1	U4.5	82.1	orange	-6.45	1.271	1.26	1.35	Pinnacle
2026-09-01 19:35	2026-09-04	SAU-PL	Abha v Al-Ettifaq	1	O1.5	79.9	red	-3.27	1.360	1.17	1.30	Pinnacle
2026-09-01 19:35	2026-09-04	FRA-L1	Lyon v Auxerre	1	O1.5	79.9	red	-8.00	1.360	1.19	1.36	Coolbet
2026-09-01 19:35	2026-09-04	NOR-EL	Fredrikstad v Bodø/Glimt	1	O1.5	83.7	orange	-4.36	1.271	1.08	1.11	Coolbet
2026-09-01 19:35	2026-09-04	DEN-SL	Viborg v Lyngby	1	U4.5	85.0	orange	+4.52	1.271	1.19	1.22	GTbets
2026-09-01 19:35	2026-09-04	TUR-SL	Başakşehir v Galatasaray	1	O1.5	82.8	orange	-6.53	1.271	1.12	1.26	Coolbet
2026-09-01 19:35	2026-09-04	FRA-L2	Grenoble v Annecy	1	U4.5	83.9	orange	+0.42	1.271	1.05	1.10	Pinnacle
2026-09-01 19:35	2026-09-04	FRA-L2	Boulogne-sur-Mer v Dijon	1	U4.5	84.0	green	+4.38	1.213	1.07	1.07	Pinnacle
2026-09-01 19:35	2026-09-04	FRA-L2	Dunkerque v Clermont	1	U4.5	84.2	green	+0.84	1.213	1.08	1.11	Pinnacle
2026-09-01 19:35	2026-09-04	GER-BL	Stuttgart v Köln	1	O1.5	85.5	orange	+3.94	1.271	1.08	1.13	1xBet
2026-09-01 19:35	2026-09-04	POL-EK	Piast v GKS Katowice	1	O1.5	78.8	super red	-15.77	1.376	1.19	1.32	Coolbet
2026-09-01 19:35	2026-09-04	ITA-SA	Genoa v Como	1	U4.5	86.0	green	-0.04	1.213	1.04	1.11	Pinnacle
2026-09-01 19:35	2026-09-04	BEL-PL	Lommel v Club Brugge	1	O1.5	83.3	orange	-0.78	1.271	1.06	1.07	Pinnacle
2026-09-01 19:35	2026-09-04	ESP-LL	Real Betis v Real Madrid	1	O1.5	75.2	red	-7.54	1.360	1.09	1.12	1xBet
2026-09-01 19:35	2026-09-04	POR-PL	Porto v Moreirense	1	U4.5	84.2	super green	+7.89	1.184	1.14	1.16	Tipico
2026-09-01 20:46	2026-09-05	MLS	New York City v Nashville	1	O1.5	80.7	orange	-3.09	1.271	1.22	1.31	Pinnacle
2026-09-01 20:46	2026-09-05	GER-B2	Kiel v Nürnberg	1	O1.5	82.6	orange	-4.08	1.271	1.16	1.30	Pinnacle
2026-09-01 20:46	2026-09-05	GER-B2	Wolfsburg v Cottbus	1	U4.5	84.8	orange	+1.90	1.271	1.24	1.39	Pinnacle
2026-09-01 20:46	2026-09-05	ENG-CH	Preston v Blackburn	1	U3.5	76.2	orange	-5.39	1.271	1.24	1.38	Pinnacle
2026-09-01 20:46	2026-09-05	ESP-L2	Real Sociedad B v Tenerife	1	U3.5	77.8	orange	-6.42	1.271	1.19	1.31	Pinnacle
2026-09-01 20:46	2026-09-05	CHN-SL	Taishan v Shenzhen	3	DNB1	85.5	green	+15.94	1.213	1.36	1.37	BetOnline.ag
2026-09-01 20:46	2026-09-05	GER-BL	Hoffenheim v Dortmund	1	U4.5	80.3	orange	-21.80	1.271	1.26	1.40	Pinnacle
2026-09-01 20:46	2026-09-05	ENG-CH	Millwall v Bolton	1	U3.5	78.4	orange	-0.24	1.271	1.25	1.28	Betsson
2026-09-01 20:46	2026-09-05	ENG-CH	West Ham v Derby	1	O1.5	80.9	orange	-6.28	1.271	1.19	1.29	Pinnacle
2026-09-01 20:46	2026-09-05	NED-ED	NEC v Feyenoord	1	U4.5	81.2	orange	-10.76	1.271	1.35	1.40	1xBet
2026-09-01 20:46	2026-09-05	BRA-SB	Criciúma v Cuiabá	1	U3.5	84.9	orange	-6.78	1.271	1.10	1.11	William Hill
2026-09-01 20:46	2026-09-05	BRA-SB	Athletic v Vila Nova	1	U3.5	83.0	orange	-10.89	1.271	1.14	1.18	Unibet (SE)
2026-09-01 20:46	2026-09-05	CHI-PD	D. Concepción v Audax Italiano	1	U4.5	87.2	orange	+1.96	1.271	1.05	1.09	BetOnline.ag
2026-09-01 20:46	2026-09-05	GER-B2	Kaiserslautern v Darmstadt	1	U4.5	81.3	orange	+5.32	1.271	1.13	1.16	Tipico
2026-09-01 20:46	2026-09-05	CHN-SL	Three Towns v Qingdao West Coast	1	U4.5	80.5	orange	-1.64	1.271	1.07	1.11	1xBet
2026-09-01 20:46	2026-09-05	ENG-PL	Newcastle v Bournemouth	1	U4.5	82.0	orange	+1.74	1.271	1.18	1.26	1xBet
2026-09-01 20:46	2026-09-05	ENG-CH	Lincoln v Southampton	1	O1.5	79.6	red	-3.92	1.360	1.20	1.28	Pinnacle
2026-09-01 20:46	2026-09-05	ENG-CH	Stoke v Charlton	1	U3.5	76.2	orange	-3.87	1.271	1.21	1.21	GTbets
2026-09-01 20:46	2026-09-05	CHN-SL	Dalian Yingbo v Hainiu	1	U4.5	81.6	orange	-2.18	1.271	1.16	1.22	Unibet (NL)
2026-09-01 20:46	2026-09-05	FRA-L2	Metz v Rodez	1	U4.5	83.8	orange	+0.50	1.271	1.09	1.14	1xBet
2026-09-01 20:46	2026-09-05	FRA-L2	Reims v Guingamp	1	O1.5	79.3	super red	-17.55	1.376	1.18	1.28	Pinnacle
2026-09-01 20:46	2026-09-05	POL-EK	Widzew v Radomiak	1	U4.5	86.2	green	+2.54	1.213	1.10	1.12	Coolbet
2026-09-01 20:46	2026-09-05	SWE-AL	GAIS v Häcken	1	U4.5	83.7	orange	+10.47	1.271	1.16	1.20	LeoVegas (SE)
2026-09-01 20:46	2026-09-05	ITA-SA	Fiorentina v Torino	1	U3.5	75.0	red	-11.61	1.360	1.23	1.38	Pinnacle
2026-09-01 20:46	2026-09-05	ITA-SB	Südtirol v Catanzaro	1	U3.5	75.5	red	-8.27	1.360	1.18	1.30	Pinnacle
2026-09-01 20:46	2026-09-05	GER-BL	Leverkusen v Union Berlin	1	O1.5	85.5	orange	+5.59	1.271	1.10	1.14	1xBet
2026-09-01 20:46	2026-09-05	GER-BL	Paderborn v Freiburg	1	U4.5	82.3	orange	-3.62	1.271	1.15	1.21	1xBet
2026-09-01 20:46	2026-09-05	GER-BL	Bremen v Leipzig	1	O1.5	83.5	orange	-0.04	1.271	1.13	1.25	BetOnline.ag
2026-09-01 20:46	2026-09-05	ENG-PL	Brentford v Sunderland	1	U4.5	83.1	orange	+2.00	1.271	1.11	1.15	1xBet
2026-09-01 20:46	2026-09-05	ENG-PL	Brighton v Leeds	1	U4.5	83.5	orange	+2.40	1.271	1.11	1.15	Coolbet
2026-09-01 20:46	2026-09-05	ENG-PL	Fulham v Crystal Palace	1	U4.5	85.4	orange	+8.50	1.271	1.11	1.14	1xBet
2026-09-01 20:46	2026-09-05	ENG-PL	Man City v Coventry	1	O1.5	82.5	orange	-0.48	1.271	1.07	1.12	1xBet
2026-09-01 20:46	2026-09-05	ENG-PL	Nott'm Forest v Tottenham	1	U4.5	84.2	orange	+2.47	1.271	1.09	1.14	1xBet
2026-09-01 20:46	2026-09-05	ENG-CH	Burnley v Bristol City	1	O1.5	78.1	red	-12.08	1.360	1.24	1.26	GTbets
2026-09-01 20:46	2026-09-05	ENG-CH	Portsmouth v Cardiff	1	U3.5	75.0	super red	-14.80	1.376	1.28	1.31	1xBet
2026-09-01 20:46	2026-09-05	ENG-CH	Sheffield United v Norwich	1	O1.5	76.0	red	-6.31	1.360	1.25	1.31	Pinnacle
2026-09-01 20:46	2026-09-05	ENG-CH	West Brom v Watford	1	U3.5	79.2	orange	+2.36	1.271	1.25	1.27	1xBet
2026-09-01 20:46	2026-09-05	NOR-EL	Rosenborg v HamKam	1	O1.5	81.7	orange	+0.59	1.271	1.12	1.27	Coolbet
2026-09-01 20:46	2026-09-05	BEL-PL	Charleroi v St. Gilloise	1	O1.5	76.4	super red	-14.52	1.376	1.22	1.30	BetOnline.ag
2026-09-01 20:46	2026-09-05	ESP-LL	Athletic Club v Atlético Madrid	1	O1.5	75.4	super red	-16.38	1.376	1.28	1.32	1xBet
2026-09-01 20:46	2026-09-05	ESP-L2	Sp Gijon v Girona	1	U4.5	84.4	green	-1.47	1.213	1.06	1.11	BetOnline.ag
2026-09-01 20:46	2026-09-05	POR-PL	Estrela v Famalicão	1	U4.5	84.1	green	+2.52	1.213	1.05	1.10	Pinnacle
2026-09-01 20:50	2026-09-05	FRA-L1	Lens v Lorient	1	O1.5	81.7	orange	-7.29	1.271	1.18	1.32	Coolbet
2026-09-01 20:50	2026-09-05	ITA-SB	Ascoli v Benevento	1	U3.5	78.7	orange	+5.79	1.271	1.22	1.39	Pinnacle
2026-09-01 20:50	2026-09-05	SWE-AL	Västerås SK v Sirius	1	O1.5	83.7	orange	+3.42	1.271	1.14	1.31	Coolbet
2026-09-01 20:50	2026-09-05	SAU-PL	Al-Taawoun v Al-Fateh	1	U4.5	84.7	orange	+6.87	1.271	1.26	1.37	Pinnacle
2026-09-01 20:50	2026-09-05	SUI-SL	Young Boys v Luzern	3	DNB1	86.6	super green	-0.44	1.184	1.30	1.31	LeoVegas (SE)
2026-09-01 20:50	2026-09-05	ESP-L2	Ceuta v Celta Fortuna	1	U3.5	77.8	orange	-8.07	1.271	1.33	1.40	1xBet
2026-09-01 20:50	2026-09-05	POR-PL	Maritimo v Benfica	1	O1.5	83.3	orange	-0.55	1.271	1.13	1.29	Pinnacle
2026-09-01 20:50	2026-09-05	TUR-SL	Fenerbahçe v Beşiktaş	1	O1.5	81.1	orange	-5.99	1.271	1.18	1.33	BetOnline.ag
2026-09-01 20:50	2026-09-05	ITA-SB	Carrarese v Empoli	1	U3.5	76.2	orange	-6.45	1.271	1.22	1.33	Pinnacle
2026-09-01 20:50	2026-09-05	POL-EK	Korona Kielce v Wisła Kraków	1	U4.5	83.9	orange	+4.98	1.271	1.08	1.13	1xBet
2026-09-01 20:50	2026-09-05	DEN-SL	AGF v Silkeborg	1	O1.5	81.7	orange	+3.17	1.271	1.10	1.12	Nordic Bet
2026-09-01 20:50	2026-09-05	ITA-SA	Inter v Napoli	1	O1.5	72.0	super red	-20.83	1.376	1.33	1.36	1xBet
2026-09-01 20:50	2026-09-05	SUI-SL	Vaduz v Lausanne	1	U4.5	83.7	orange	+8.57	1.271	1.19	1.25	1xBet
2026-09-01 20:50	2026-09-05	BEL-PL	Mechelen v Westerlo	1	U4.5	85.7	green	+2.82	1.213	1.16	1.18	1xBet
2026-09-01 20:50	2026-09-05	ENG-PL	Hull v Aston Villa	1	U4.5	83.7	orange	+7.42	1.271	1.10	1.14	1xBet
2026-09-01 20:50	2026-09-05	ESP-LL	Rayo Vallecano v Racing Santander	1	U4.5	84.9	green	+2.84	1.213	1.10	1.15	1xBet
2026-09-01 20:50	2026-09-05	ESP-L2	Real Valladolid v Andorra	1	U4.5	84.2	green	-3.50	1.213	1.04	1.09	Pinnacle
2026-09-01 20:50	2026-09-05	GER-BL	Schalke v Bayern Munich	1	O1.5	86.8	orange	+8.93	1.271	1.05	1.10	Pinnacle
2026-09-01 20:50	2026-09-05	NED-ED	Utrecht v Go Ahead Eagles	1	O1.5	83.4	orange	-3.85	1.271	1.14	1.26	Pinnacle
2026-09-01 20:50	2026-09-05	POR-PL	Alverca v Braga	1	O1.5	76.5	red	-4.68	1.360	1.27	1.30	Coolbet
2026-09-01 20:50	2026-09-05	FRA-L2	St Etienne v Montpellier	1	U4.5	83.8	orange	-2.47	1.271	1.12	1.17	1xBet
2026-09-01 20:50	2026-09-05	NED-ED	Ajax v PSV	1	O1.5	87.1	orange	+7.43	1.271	1.06	1.08	1xBet
2026-09-02 05:56	2026-09-05	SUI-SL	Young Boys v Luzern	1	O1.5	83.5	orange	-6.57	1.271	1.04	1.11	Coolbet
2026-09-02 09:18	2026-09-03	BEL-PL	Gent v OH Leuven	1	U3.5	77.3	orange	-10.32	1.271	1.35	1.40	Tipico
2026-09-02 09:18	2026-09-04	TUR-SL	Başakşehir v Galatasaray	1	U4.5	82.7	orange	-4.55	1.271	1.20	1.33	Pinnacle
2026-09-02 09:18	2026-09-05	ESP-L2	Eldense v Mallorca	1	U3.5	76.3	orange	-13.47	1.271	1.24	1.36	BetOnline.ag
2026-09-02 09:18	2026-09-05	BRA-SB	Ceará v Sport Recife	1	U3.5	81.7	orange	-13.58	1.271	1.22	1.33	Pinnacle
2026-09-02 09:18	2026-09-06	MLS	Inter Miami v Atlanta	3	DNB1	87.0	green	+11.68	1.213	1.23	1.27	Winamax (FR)
2026-09-02 09:18	2026-09-06	MLS	Philadelphia v Montréal	1	U4.5	79.9	orange	-0.35	1.271	1.23	1.36	Pinnacle
2026-09-02 09:18	2026-09-06	MLS	Toronto v Chicago	1	O1.5	80.7	orange	+0.54	1.271	1.14	1.28	Pinnacle
2026-09-02 09:18	2026-09-06	BRA-SA	Fluminense v Vasco	1	U3.5	76.8	orange	-5.41	1.271	1.23	1.36	Pinnacle
2026-09-02 09:18	2026-09-06	MLS	Dallas v Kansas City	1	U4.5	80.4	orange	+0.15	1.271	1.29	1.39	Pinnacle
2026-09-02 09:18	2026-09-06	MLS	Seattle v NY Red Bulls	1	U4.5	80.7	orange	+0.45	1.271	1.31	1.35	1xBet
2026-09-02 09:18	2026-09-02	SUI-SL	Luzern v Vaduz	1	O1.5	81.5	orange	+4.47	1.271	1.06	1.09	Pinnacle
2026-09-02 09:18	2026-09-02	SUI-SL	Thun v Lausanne	1	U4.5	81.9	orange	+3.60	1.271	1.14	1.20	Unibet (SE)
2026-09-02 09:18	2026-09-04	FRA-L2	Boulogne-sur-Mer v Dijon	1	U3.5	78.1	orange	-1.56	1.271	1.15	1.26	Pinnacle
2026-09-02 09:18	2026-09-05	GER-B2	Kiel v Nürnberg	1	U4.5	81.3	orange	-1.66	1.271	1.12	1.18	Tipico
2026-09-02 09:18	2026-09-05	FRA-L2	Metz v Rodez	1	O1.5	78.2	red	-4.54	1.360	1.20	1.28	Pinnacle
2026-09-02 09:18	2026-09-05	FRA-L2	Reims v Guingamp	1	U4.5	84.1	green	-3.81	1.213	1.10	1.15	1xBet
2026-09-02 09:18	2026-09-05	ESP-LL	Rayo Vallecano v Racing Santander	1	O1.5	79.8	red	-5.92	1.360	1.24	1.30	1xBet
2026-09-02 09:18	2026-09-05	SAU-PL	Al-Ittihad v Al-Nassr	1	O1.5	81.2	orange	-2.41	1.271	1.08	1.10	1xBet
2026-09-02 09:18	2026-09-05	POL-EK	Motor Lublin v Legia	1	U4.5	84.9	green	+3.51	1.213	1.11	1.13	Coolbet
2026-09-02 09:18	2026-09-05	GER-B2	Dresden v Bochum	1	U4.5	83.8	orange	-1.97	1.271	1.13	1.16	1xBet
2026-09-02 09:18	2026-09-05	FRA-L1	Le Havre v Brest	1	U4.5	83.3	orange	+3.99	1.271	1.06	1.13	Pinnacle
2026-09-02 09:18	2026-09-05	FRA-L1	Nice v Le Mans	1	U4.5	83.2	orange	+1.97	1.271	1.09	1.14	1xBet
2026-09-02 09:18	2026-09-05	ITA-SA	Roma v Atalanta	1	U4.5	84.0	green	-5.35	1.213	1.09	1.14	1xBet
2026-09-02 09:18	2026-09-05	BEL-PL	St. Truiden v La Louvière	1	O1.5	76.9	red	-8.27	1.360	1.23	1.26	1xBet
2026-09-02 09:18	2026-09-05	BEL-PL	Standard Liège v Royal Antwerp	1	O1.5	77.6	red	-7.57	1.360	1.23	1.30	BetOnline.ag
2026-09-02 09:18	2026-09-05	ENG-CH	Swansea v Wrexham	1	O1.5	75.3	red	-3.78	1.360	1.27	1.30	GTbets
2026-09-02 09:18	2026-09-05	ESP-LL	Villarreal v Deportivo La Coruña	1	O1.5	79.5	red	+0.12	1.360	1.21	1.29	Pinnacle
2026-09-02 09:18	2026-09-05	NED-ED	Willem II v Excelsior	1	U4.5	80.0	orange	-7.08	1.271	1.13	1.17	1xBet
2026-09-02 09:18	2026-09-05	BRA-SA	RB Bragantino v Bahia	1	U4.5	82.8	orange	+3.47	1.271	1.09	1.12	1xBet
2026-09-02 09:18	2026-09-05	BRA-SB	Goiás v Fortaleza	1	U3.5	83.0	orange	-18.85	1.271	1.13	1.16	Unibet (SE)
2026-09-02 09:18	2026-09-05	BRA-SB	Novorizontino v Avaí	1	O1.0	88.5	green	+4.09	1.213	1.01	1.03	Pinnacle
2026-09-02 09:18	2026-09-05	POR-PL	Sporting CP v Nacional	1	O1.5	80.5	orange	-2.56	1.271	1.06	1.08	BetOnline.ag
2026-09-02 09:18	2026-09-05	BRA-SB	Juventude v Atlético-GO	1	U3.5	82.2	orange	-8.50	1.271	1.10	1.14	Unibet (SE)
2026-09-02 09:18	2026-09-05	BRA-SA	São Paulo v Atlético-MG	1	U4.5	82.9	orange	+0.69	1.271	1.04	1.10	Pinnacle
2026-09-02 09:18	2026-09-05	CHI-PD	Everton v Universidad Católica	1	O1.5	79.7	red	-14.68	1.360	1.23	1.30	Pinnacle
2026-09-02 09:18	2026-09-06	MLS	Charlotte v Houston	1	O1.5	80.7	orange	+0.50	1.271	1.19	1.27	Pinnacle
2026-09-02 09:18	2026-09-06	MLS	Columbus v Colorado	1	U4.5	80.7	orange	+0.45	1.271	1.12	1.14	1xBet
2026-09-02 09:18	2026-09-06	MLS	Cincinnati v DC United	1	O1.5	80.5	orange	+6.27	1.271	1.07	1.11	1xBet
2026-09-02 09:18	2026-09-06	MLS	Orlando v San Diego	1	O1.5	80.7	orange	+0.54	1.271	1.07	1.10	1xBet
2026-09-02 09:18	2026-09-06	CHI-PD	Universidad de Chile v Coquimbo Unido	1	O1.5	78.4	red	-26.67	1.360	1.26	1.30	Coolbet
2026-09-02 09:18	2026-09-06	MLS	Austin v San Jose	1	U4.5	80.8	orange	+0.55	1.271	1.21	1.27	1xBet
2026-09-02 09:18	2026-09-06	MLS	LA Galaxy v New England	1	U4.5	80.7	orange	+0.45	1.271	1.18	1.26	1xBet
2026-09-02 09:18	2026-09-06	MLS	Portland v Minnesota	1	O1.5	80.7	orange	+0.54	1.271	1.13	1.26	BetAnything
2026-09-02 09:18	2026-09-06	MLS	Vancouver v St. Louis	1	O1.5	80.6	orange	+0.44	1.271	1.09	1.13	1xBet
2026-09-02 09:18	2026-09-06	JPN-J1	Okayama v Sanfrecce	1	U4.5	83.3	orange	-4.59	1.271	1.07	1.07	Unibet (SE)
2026-09-02 10:17	2026-09-02	ENG-CH	QPR v Cardiff	1	U3.5	76.7	orange	-10.92	1.271	1.45	1.52	Nordic Bet
2026-09-02 10:17	2026-09-03	SWE-AL	Mjällby v Djurgården	1	O1.5	81.7	orange	-1.68	1.271	1.17	1.31	Coolbet
2026-09-02 10:17	2026-09-05	SWE-AL	Degerfors v Halmstad	1	U3.5	77.0	orange	-1.08	1.271	1.28	1.36	BetOnline.ag
2026-09-02 10:17	2026-09-05	NOR-EL	Brann v Lillestrøm	1	U4.5	83.3	orange	+2.47	1.271	1.23	1.35	Pinnacle
2026-09-02 10:17	2026-09-06	MLS	Salt Lake v LAFC	1	O1.5	80.7	orange	+0.54	1.271	1.16	1.32	BetAnything
2026-09-02 10:17	2026-09-02	SUI-SL	Grasshoppers v St. Gallen	1	O1.5	81.7	orange	-2.25	1.271	1.10	1.12	Coolbet
2026-09-02 10:17	2026-09-03	DEN-SL	København v Nordsjælland	1	O1.5	84.9	orange	+2.52	1.271	1.10	1.22	Coolbet
2026-09-02 10:17	2026-09-04	GER-B2	Hannover v Karlsruhe	1	O1.5	80.8	orange	-4.34	1.271	1.08	1.10	Coolbet
2026-09-02 10:17	2026-09-04	FRA-L2	Laval v Red Star	1	U4.5	84.1	green	-0.09	1.213	1.04	1.11	Pinnacle
2026-09-02 10:17	2026-09-04	FRA-L1	PSG v AS Monaco	1	O1.5	81.8	orange	-4.11	1.271	1.10	1.15	1xBet
2026-09-02 10:17	2026-09-05	CHN-SL	Port v Guoan	1	O1.5	83.5	orange	+1.72	1.271	1.09	1.10	1xBet
2026-09-02 10:17	2026-09-05	GER-BL	M'gladbach v Elversberg	1	U4.5	80.0	orange	-9.39	1.271	1.17	1.23	1xBet
2026-09-02 10:17	2026-09-05	ENG-CH	QPR v Middlesbrough	1	U4.5	83.7	orange	+0.74	1.271	1.09	1.11	Nordic Bet
2026-09-02 10:17	2026-09-05	TUR-SL	Erzurumspor v Konyaspor	1	U4.5	84.8	green	+5.58	1.213	1.06	1.13	Pinnacle
2026-09-02 10:17	2026-09-05	SUI-SL	Grasshoppers v Zürich	1	U4.5	83.8	orange	+4.48	1.271	1.09	1.16	GTbets
2026-09-02 10:25	2026-09-05	BRA-SB	CRB v América-MG	1	O1.0	88.5	green	+8.99	1.213	1.02	1.02	Pinnacle
