# How often each rung of the totals ladder lands, per league. Written by
# scripts/ladder_rates.py, refreshed by scripts/board.py when it is a day
# old; read by scripts/ladderrates.py for the app and the README.
#
# DISPLAY ONLY. The engine never reads this file. config/league_hitrates.tsv
# and config/guard_slices.tsv are engine inputs and nothing here touches them.
#
#   base_n/base    every match the league played in its last 3
#                  seasons, and how often the rung landed in them. No
#                  cards: this is the rung before anyone picks anything.
#   given_n/given  the matches where Athena's tip 1 was a lane on this
#                  rung, and how often the rung landed. Declined cards
#                  are out, as in every other rate on this board.
#   tip            what the selection was worth: given against the base
#                  of each card's OWN league. On a league row that is
#                  just given minus base; on the "*" row it is scored
#                  card by card, because the cards are not spread across
#                  leagues the way the matches are and a pooled base is
#                  a different population rather than a control. Pooled
#                  straight, O1.5 read +8.3 and O0.5 −2.3; matched, they
#                  read +3.7 and +0.9.
#
# given MINUS base is the selection's worth. Both are re-settled from the
# final score rather than read off the card's mark, because a quarter or
# whole line does not settle the way a half line does (U3.0 PUSHES at
# three goals where U3.5 wins) and the two columns have to be the same
# question asked of two populations.
#
# The window is three seasons, fitted: predicting a held-out season from
# the seasons before it, the mean absolute error runs 3.76 points from
# one season, 3.21 from two, 3.11 from three, 3.32 from five and 3.53
# from the whole history. Even at its best this is a three-point number.
# It is context, never a price.
#
# "*" is every league pooled. A missing given column means Athena has
# never given that rung there.
# league	rung	base_n	base	given_n	given	tip
*	O0.5	39968	92.4	1063	90.0	+0.7
*	O1.5	39968	74.0	7105	82.4	+3.9
*	O2.5	39968	50.4	30	60.0	+6.5
*	O3.5	39968	28.2	0		
*	O4.5	39968	13.8	0		
*	O5.5	39968	5.8	0		
*	U0.5	39968	7.6	0		
*	U1.5	39968	26.0	0		
*	U2.5	39968	49.6	21	66.7	-2.1
*	U3.5	39968	71.8	4537	81.7	+3.9
*	U4.5	39968	86.2	15225	86.8	+1.3
*	U5.5	39968	94.2	0		
*	U6.5	39968	97.9	0		
ALG-L1	O0.5	411	85.9	0		
ALG-L1	O1.5	411	60.1	0		
ALG-L1	O2.5	411	38.2	0		
ALG-L1	O3.5	411	17.5	0		
ALG-L1	O4.5	411	8.3	0		
ALG-L1	O5.5	411	2.7	0		
ALG-L1	U0.5	411	14.1	0		
ALG-L1	U1.5	411	39.9	0		
ALG-L1	U2.5	411	61.8	0		
ALG-L1	U3.5	411	82.5	102	87.3	+4.8
ALG-L1	U4.5	411	91.7	57	94.7	+3.0
ALG-L1	U5.5	411	97.3	0		
ALG-L1	U6.5	411	98.5	0		
ARG-CLP	O0.5	610	86.9	127	90.6	+3.7
ARG-CLP	O1.5	610	64.9	22	77.3	+12.4
ARG-CLP	O2.5	610	41.8	0		
ARG-CLP	O3.5	610	21.0	0		
ARG-CLP	O4.5	610	8.0	0		
ARG-CLP	O5.5	610	2.8	0		
ARG-CLP	U0.5	610	13.1	0		
ARG-CLP	U1.5	610	35.1	0		
ARG-CLP	U2.5	610	58.2	0		
ARG-CLP	U3.5	610	79.0	243	85.6	+6.6
ARG-CLP	U4.5	610	92.0	0		
ARG-CLP	U5.5	610	97.2	0		
ARG-CLP	U6.5	610	99.3	0		
ARG-PD	O0.5	988	86.3	358	87.7	+1.4
ARG-PD	O1.5	988	61.5	0		
ARG-PD	O2.5	988	32.4	0		
ARG-PD	O3.5	988	14.3	0		
ARG-PD	O4.5	988	6.4	0		
ARG-PD	O5.5	988	1.8	0		
ARG-PD	U0.5	988	13.7	0		
ARG-PD	U1.5	988	38.5	0		
ARG-PD	U2.5	988	67.6	7	85.7	+18.1
ARG-PD	U3.5	988	85.7	396	88.4	+2.7
ARG-PD	U4.5	988	93.6	0		
ARG-PD	U5.5	988	98.2	0		
ARG-PD	U6.5	988	99.4	0		
AUT-BL	O0.5	411	92.9	0		
AUT-BL	O1.5	411	78.1	173	83.2	+5.1
AUT-BL	O2.5	411	52.8	4	50.0	-2.8
AUT-BL	O3.5	411	27.3	0		
AUT-BL	O4.5	411	12.9	0		
AUT-BL	O5.5	411	6.3	0		
AUT-BL	U0.5	411	7.1	0		
AUT-BL	U1.5	411	21.9	0		
AUT-BL	U2.5	411	47.2	0		
AUT-BL	U3.5	411	72.7	15	66.7	-6.1
AUT-BL	U4.5	411	87.1	148	87.2	+0.1
AUT-BL	U5.5	411	93.7	0		
AUT-BL	U6.5	411	98.3	0		
BEL-PL	O0.5	682	91.9	0		
BEL-PL	O1.5	682	76.0	212	85.8	+9.9
BEL-PL	O2.5	682	51.6	0		
BEL-PL	O3.5	682	28.6	0		
BEL-PL	O4.5	682	15.2	0		
BEL-PL	O5.5	682	6.2	0		
BEL-PL	U0.5	682	8.1	0		
BEL-PL	U1.5	682	24.0	0		
BEL-PL	U2.5	682	48.4	0		
BEL-PL	U3.5	682	71.4	13	84.6	+13.2
BEL-PL	U4.5	682	84.8	235	90.6	+5.9
BEL-PL	U5.5	682	93.8	0		
BEL-PL	U6.5	682	97.5	0		
BRA-SA	O0.5	633	93.2	0		
BRA-SA	O1.5	633	74.2	0		
BRA-SA	O2.5	633	48.0	0		
BRA-SA	O3.5	633	24.6	0		
BRA-SA	O4.5	633	11.2	0		
BRA-SA	O5.5	633	4.3	0		
BRA-SA	U0.5	633	6.8	0		
BRA-SA	U1.5	633	25.8	0		
BRA-SA	U2.5	633	52.0	0		
BRA-SA	U3.5	633	75.4	57	84.2	+8.9
BRA-SA	U4.5	633	88.8	275	88.0	-0.8
BRA-SA	U5.5	633	95.7	0		
BRA-SA	U6.5	633	99.5	0		
BRA-SB	O0.5	679	91.3	430	91.4	+0.1
BRA-SB	O1.5	679	67.9	0		
BRA-SB	O2.5	679	41.4	0		
BRA-SB	O3.5	679	17.5	0		
BRA-SB	O4.5	679	5.9	0		
BRA-SB	O5.5	679	2.7	0		
BRA-SB	U0.5	679	8.7	0		
BRA-SB	U1.5	679	32.1	0		
BRA-SB	U2.5	679	58.6	0		
BRA-SB	U3.5	679	82.5	328	81.1	-1.4
BRA-SB	U4.5	679	94.1	0		
BRA-SB	U5.5	679	97.3	0		
BRA-SB	U6.5	679	99.4	0		
CHI-PD	O0.5	423	95.3	0		
CHI-PD	O1.5	423	71.9	44	72.7	+0.9
CHI-PD	O2.5	423	53.0	0		
CHI-PD	O3.5	423	28.6	0		
CHI-PD	O4.5	423	14.2	0		
CHI-PD	O5.5	423	7.8	0		
CHI-PD	U0.5	423	4.7	0		
CHI-PD	U1.5	423	28.1	0		
CHI-PD	U2.5	423	47.0	0		
CHI-PD	U3.5	423	71.4	5	100.0	+28.6
CHI-PD	U4.5	423	85.8	420	85.5	-0.3
CHI-PD	U5.5	423	92.2	0		
CHI-PD	U6.5	423	97.9	0		
CHN-SL	O0.5	444	95.9	0		
CHN-SL	O1.5	444	82.0	261	83.9	+1.9
CHN-SL	O2.5	444	60.1	0		
CHN-SL	O3.5	444	40.8	0		
CHN-SL	O4.5	444	20.9	0		
CHN-SL	O5.5	444	10.4	0		
CHN-SL	U0.5	444	4.1	0		
CHN-SL	U1.5	444	18.0	0		
CHN-SL	U2.5	444	39.9	0		
CHN-SL	U3.5	444	59.2	3	33.3	-25.9
CHN-SL	U4.5	444	79.1	197	80.2	+1.1
CHN-SL	U5.5	444	89.6	0		
CHN-SL	U6.5	444	96.6	0		
COL-PA	O0.5	755	89.7	0		
COL-PA	O1.5	755	69.5	0		
COL-PA	O2.5	755	44.6	0		
COL-PA	O3.5	755	21.5	0		
COL-PA	O4.5	755	9.4	0		
COL-PA	O5.5	755	3.4	0		
COL-PA	U0.5	755	10.3	0		
COL-PA	U1.5	755	30.5	0		
COL-PA	U2.5	755	55.4	0		
COL-PA	U3.5	755	78.5	0		
COL-PA	U4.5	755	90.6	410	90.7	+0.1
COL-PA	U5.5	755	96.6	0		
COL-PA	U6.5	755	98.7	0		
COPA-L	O0.5	421	91.9	0		
COPA-L	O1.5	421	68.4	0		
COPA-L	O2.5	421	40.9	0		
COPA-L	O3.5	421	22.3	0		
COPA-L	O4.5	421	10.9	0		
COPA-L	O5.5	421	3.8	0		
COPA-L	U0.5	421	8.1	0		
COPA-L	U1.5	421	31.6	0		
COPA-L	U2.5	421	59.1	0		
COPA-L	U3.5	421	77.7	0		
COPA-L	U4.5	421	89.1	0		
COPA-L	U5.5	421	96.2	0		
COPA-L	U6.5	421	98.6	0		
CRO-1L	O0.5	360	91.1	0		
CRO-1L	O1.5	360	69.7	16	56.2	-13.5
CRO-1L	O2.5	360	48.1	0		
CRO-1L	O3.5	360	24.7	0		
CRO-1L	O4.5	360	11.1	0		
CRO-1L	O5.5	360	4.4	0		
CRO-1L	U0.5	360	8.9	0		
CRO-1L	U1.5	360	30.3	0		
CRO-1L	U2.5	360	51.9	0		
CRO-1L	U3.5	360	75.3	0		
CRO-1L	U4.5	360	88.9	269	90.3	+1.4
CRO-1L	U5.5	360	95.6	0		
CRO-1L	U6.5	360	98.6	0		
CZE-FL	O0.5	859	92.0	0		
CZE-FL	O1.5	859	75.2	80	80.0	+4.8
CZE-FL	O2.5	859	51.8	0		
CZE-FL	O3.5	859	29.6	0		
CZE-FL	O4.5	859	14.2	0		
CZE-FL	O5.5	859	6.1	0		
CZE-FL	U0.5	859	8.0	0		
CZE-FL	U1.5	859	24.8	0		
CZE-FL	U2.5	859	48.2	0		
CZE-FL	U3.5	859	70.4	0		
CZE-FL	U4.5	859	85.8	464	85.8	-0.0
CZE-FL	U5.5	859	93.9	0		
CZE-FL	U6.5	859	97.4	0		
DEN-SL	O0.5	431	94.7	0		
DEN-SL	O1.5	431	82.4	280	83.6	+1.2
DEN-SL	O2.5	431	59.2	1	0.0	-59.2
DEN-SL	O3.5	431	34.6	0		
DEN-SL	O4.5	431	23.0	0		
DEN-SL	O5.5	431	10.9	0		
DEN-SL	U0.5	431	5.3	0		
DEN-SL	U1.5	431	17.6	0		
DEN-SL	U2.5	431	40.8	0		
DEN-SL	U3.5	431	65.4	5	40.0	-25.4
DEN-SL	U4.5	431	77.0	276	82.6	+5.6
DEN-SL	U5.5	431	89.1	0		
DEN-SL	U6.5	431	97.4	0		
ECU-S1	O0.5	86	91.9	0		
ECU-S1	O1.5	86	72.1	0		
ECU-S1	O2.5	86	45.3	0		
ECU-S1	O3.5	86	27.9	0		
ECU-S1	O4.5	86	10.5	0		
ECU-S1	O5.5	86	2.3	0		
ECU-S1	U0.5	86	8.1	0		
ECU-S1	U1.5	86	27.9	0		
ECU-S1	U2.5	86	54.7	0		
ECU-S1	U3.5	86	72.1	0		
ECU-S1	U4.5	86	89.5	0		
ECU-S1	U5.5	86	97.7	0		
ECU-S1	U6.5	86	97.7	0		
EGY-PL	O0.5	487	87.3	0		
EGY-PL	O1.5	487	62.8	24	66.7	+3.8
EGY-PL	O2.5	487	40.7	0		
EGY-PL	O3.5	487	21.4	0		
EGY-PL	O4.5	487	10.5	0		
EGY-PL	O5.5	487	3.7	0		
EGY-PL	U0.5	487	12.7	0		
EGY-PL	U1.5	487	37.2	0		
EGY-PL	U2.5	487	59.3	0		
EGY-PL	U3.5	487	78.6	237	82.7	+4.1
EGY-PL	U4.5	487	89.5	146	87.0	-2.5
EGY-PL	U5.5	487	96.3	0		
EGY-PL	U6.5	487	98.8	0		
ENG-CH	O0.5	1208	92.7	0		
ENG-CH	O1.5	1208	73.9	99	82.8	+8.9
ENG-CH	O2.5	1208	48.8	0		
ENG-CH	O3.5	1208	24.2	0		
ENG-CH	O4.5	1208	9.4	0		
ENG-CH	O5.5	1208	4.0	0		
ENG-CH	U0.5	1208	7.3	0		
ENG-CH	U1.5	1208	26.1	0		
ENG-CH	U2.5	1208	51.2	0		
ENG-CH	U3.5	1208	75.8	269	79.2	+3.4
ENG-CH	U4.5	1208	90.6	199	93.0	+2.3
ENG-CH	U5.5	1208	96.0	0		
ENG-CH	U6.5	1208	98.6	0		
ENG-L1	O0.5	1121	93.0	0		
ENG-L1	O1.5	1121	72.8	107	76.6	+3.8
ENG-L1	O2.5	1121	50.5	0		
ENG-L1	O3.5	1121	25.8	0		
ENG-L1	O4.5	1121	12.0	0		
ENG-L1	O5.5	1121	4.5	0		
ENG-L1	U0.5	1121	7.0	0		
ENG-L1	U1.5	1121	27.2	0		
ENG-L1	U2.5	1121	49.5	0		
ENG-L1	U3.5	1121	74.2	245	78.8	+4.6
ENG-L1	U4.5	1121	88.0	297	85.9	-2.1
ENG-L1	U5.5	1121	95.5	0		
ENG-L1	U6.5	1121	98.2	0		
ENG-L2	O0.5	1126	92.5	0		
ENG-L2	O1.5	1126	71.7	22	77.3	+5.6
ENG-L2	O2.5	1126	47.1	0		
ENG-L2	O3.5	1126	25.4	0		
ENG-L2	O4.5	1126	11.1	0		
ENG-L2	O5.5	1126	3.9	0		
ENG-L2	U0.5	1126	7.5	0		
ENG-L2	U1.5	1126	28.3	0		
ENG-L2	U2.5	1126	52.9	0		
ENG-L2	U3.5	1126	74.6	52	80.8	+6.2
ENG-L2	U4.5	1126	88.9	723	88.8	-0.1
ENG-L2	U5.5	1126	96.1	0		
ENG-L2	U6.5	1126	98.7	0		
ENG-NL	O0.5	1128	94.2	0		
ENG-NL	O1.5	1128	77.9	376	82.4	+4.5
ENG-NL	O2.5	1128	53.6	0		
ENG-NL	O3.5	1128	30.1	0		
ENG-NL	O4.5	1128	14.6	0		
ENG-NL	O5.5	1128	6.8	0		
ENG-NL	U0.5	1128	5.8	0		
ENG-NL	U1.5	1128	22.1	0		
ENG-NL	U2.5	1128	46.4	0		
ENG-NL	U3.5	1128	69.9	37	70.3	+0.3
ENG-NL	U4.5	1128	85.4	335	88.7	+3.3
ENG-NL	U5.5	1128	93.2	0		
ENG-NL	U6.5	1128	97.2	0		
ENG-PL	O0.5	803	94.0	0		
ENG-PL	O1.5	803	79.5	240	80.8	+1.4
ENG-PL	O2.5	803	55.5	0		
ENG-PL	O3.5	803	31.6	0		
ENG-PL	O4.5	803	14.6	0		
ENG-PL	O5.5	803	5.2	0		
ENG-PL	U0.5	803	6.0	0		
ENG-PL	U1.5	803	20.5	0		
ENG-PL	U2.5	803	44.5	0		
ENG-PL	U3.5	803	68.4	1	100.0	+31.6
ENG-PL	U4.5	803	85.4	399	86.7	+1.3
ENG-PL	U5.5	803	94.8	0		
ENG-PL	U6.5	803	97.6	0		
ESP-L2	O0.5	981	91.0	0		
ESP-L2	O1.5	981	69.9	17	82.4	+12.4
ESP-L2	O2.5	981	48.8	0		
ESP-L2	O3.5	981	28.0	0		
ESP-L2	O4.5	981	12.8	0		
ESP-L2	O5.5	981	4.8	0		
ESP-L2	U0.5	981	9.0	0		
ESP-L2	U1.5	981	30.1	0		
ESP-L2	U2.5	981	51.2	0		
ESP-L2	U3.5	981	72.0	186	79.0	+7.1
ESP-L2	U4.5	981	87.2	396	88.1	+1.0
ESP-L2	U5.5	981	95.2	0		
ESP-L2	U6.5	981	98.6	0		
ESP-LL	O0.5	815	95.0	0		
ESP-LL	O1.5	815	75.3	207	85.5	+10.2
ESP-LL	O2.5	815	50.1	0		
ESP-LL	O3.5	815	25.8	0		
ESP-LL	O4.5	815	14.0	0		
ESP-LL	O5.5	815	5.9	0		
ESP-LL	U0.5	815	5.0	0		
ESP-LL	U1.5	815	24.7	0		
ESP-LL	U2.5	815	49.9	0		
ESP-LL	U3.5	815	74.2	221	80.1	+5.9
ESP-LL	U4.5	815	86.0	151	93.4	+7.4
ESP-LL	U5.5	815	94.1	0		
ESP-LL	U6.5	815	97.8	0		
FIN-VL	O0.5	460	94.8	0		
FIN-VL	O1.5	460	79.3	87	80.5	+1.1
FIN-VL	O2.5	460	58.9	0		
FIN-VL	O3.5	460	35.7	0		
FIN-VL	O4.5	460	18.0	0		
FIN-VL	O5.5	460	5.9	0		
FIN-VL	U0.5	460	5.2	0		
FIN-VL	U1.5	460	20.7	0		
FIN-VL	U2.5	460	41.1	0		
FIN-VL	U3.5	460	64.3	0		
FIN-VL	U4.5	460	82.0	265	83.4	+1.4
FIN-VL	U5.5	460	94.1	0		
FIN-VL	U6.5	460	97.2	0		
FRA-L1	O0.5	649	93.5	0		
FRA-L1	O1.5	649	77.3	261	82.4	+5.0
FRA-L1	O2.5	649	54.5	0		
FRA-L1	O3.5	649	33.9	0		
FRA-L1	O4.5	649	16.6	0		
FRA-L1	O5.5	649	8.3	0		
FRA-L1	U0.5	649	6.5	0		
FRA-L1	U1.5	649	22.7	0		
FRA-L1	U2.5	649	45.5	0		
FRA-L1	U3.5	649	66.1	26	76.9	+10.8
FRA-L1	U4.5	649	83.4	173	86.7	+3.3
FRA-L1	U5.5	649	91.7	0		
FRA-L1	U6.5	649	96.6	0		
FRA-L2	O0.5	666	91.3	0		
FRA-L2	O1.5	666	69.4	0		
FRA-L2	O2.5	666	47.9	0		
FRA-L2	O3.5	666	27.0	0		
FRA-L2	O4.5	666	12.2	0		
FRA-L2	O5.5	666	6.0	0		
FRA-L2	U0.5	666	8.7	0		
FRA-L2	U1.5	666	30.6	0		
FRA-L2	U2.5	666	52.1	0		
FRA-L2	U3.5	666	73.0	25	72.0	-1.0
FRA-L2	U4.5	666	87.8	364	88.5	+0.6
FRA-L2	U5.5	666	94.0	0		
FRA-L2	U6.5	666	98.2	0		
GER-B2	O0.5	666	94.0	0		
GER-B2	O1.5	666	79.7	254	81.1	+1.4
GER-B2	O2.5	666	59.2	0		
GER-B2	O3.5	666	34.5	0		
GER-B2	O4.5	666	17.7	0		
GER-B2	O5.5	666	9.0	0		
GER-B2	U0.5	666	6.0	0		
GER-B2	U1.5	666	20.3	0		
GER-B2	U2.5	666	40.8	0		
GER-B2	U3.5	666	65.5	0		
GER-B2	U4.5	666	82.3	304	82.9	+0.6
GER-B2	U5.5	666	91.0	0		
GER-B2	U6.5	666	95.9	0		
GER-BL	O0.5	646	94.3	0		
GER-BL	O1.5	646	82.4	204	88.7	+6.4
GER-BL	O2.5	646	62.7	1	100.0	+37.3
GER-BL	O3.5	646	43.8	0		
GER-BL	O4.5	646	22.0	0		
GER-BL	O5.5	646	11.0	0		
GER-BL	U0.5	646	5.7	0		
GER-BL	U1.5	646	17.6	0		
GER-BL	U2.5	646	37.3	0		
GER-BL	U3.5	646	56.2	0		
GER-BL	U4.5	646	78.0	261	85.4	+7.4
GER-BL	U5.5	646	89.0	0		
GER-BL	U6.5	646	96.1	0		
GRE-SL	O0.5	712	92.8	148	91.2	-1.6
GRE-SL	O1.5	712	76.5	58	75.9	-0.7
GRE-SL	O2.5	712	52.1	0		
GRE-SL	O3.5	712	26.5	0		
GRE-SL	O4.5	712	13.3	0		
GRE-SL	O5.5	712	3.8	0		
GRE-SL	U0.5	712	7.2	0		
GRE-SL	U1.5	712	23.5	0		
GRE-SL	U2.5	712	47.9	0		
GRE-SL	U3.5	712	73.5	146	82.9	+9.4
GRE-SL	U4.5	712	86.7	0		
GRE-SL	U5.5	712	96.2	0		
GRE-SL	U6.5	712	99.3	0		
INT-AFC	O0.5	276	90.6	0		
INT-AFC	O1.5	276	72.1	50	72.0	-0.1
INT-AFC	O2.5	276	51.1	18	66.7	+15.6
INT-AFC	O3.5	276	34.1	0		
INT-AFC	O4.5	276	17.0	0		
INT-AFC	O5.5	276	7.2	0		
INT-AFC	U0.5	276	9.4	0		
INT-AFC	U1.5	276	27.9	0		
INT-AFC	U2.5	276	48.9	0		
INT-AFC	U3.5	276	65.9	3	0.0	-65.9
INT-AFC	U4.5	276	83.0	19	78.9	-4.0
INT-AFC	U5.5	276	92.8	0		
INT-AFC	U6.5	276	96.7	0		
INT-CAF	O0.5	310	91.3	0		
INT-CAF	O1.5	310	68.7	0		
INT-CAF	O2.5	310	44.5	0		
INT-CAF	O3.5	310	24.5	0		
INT-CAF	O4.5	310	11.6	0		
INT-CAF	O5.5	310	4.5	0		
INT-CAF	U0.5	310	8.7	0		
INT-CAF	U1.5	310	31.3	0		
INT-CAF	U2.5	310	55.5	0		
INT-CAF	U3.5	310	75.5	0		
INT-CAF	U4.5	310	88.4	45	84.4	-3.9
INT-CAF	U5.5	310	95.5	0		
INT-CAF	U6.5	310	98.4	0		
INT-CONCACAF	O0.5	278	92.8	0		
INT-CONCACAF	O1.5	278	77.3	17	76.5	-0.9
INT-CONCACAF	O2.5	278	59.0	2	0.0	-59.0
INT-CONCACAF	O3.5	278	39.2	0		
INT-CONCACAF	O4.5	278	24.8	0		
INT-CONCACAF	O5.5	278	11.9	0		
INT-CONCACAF	U0.5	278	7.2	0		
INT-CONCACAF	U1.5	278	22.7	0		
INT-CONCACAF	U2.5	278	41.0	0		
INT-CONCACAF	U3.5	278	60.8	0		
INT-CONCACAF	U4.5	278	75.2	5	40.0	-35.2
INT-CONCACAF	U5.5	278	88.1	0		
INT-CONCACAF	U6.5	278	93.2	0		
INT-CONMEBOL	O0.5	121	81.8	0		
INT-CONMEBOL	O1.5	121	57.0	5	40.0	-17.0
INT-CONMEBOL	O2.5	121	38.0	0		
INT-CONMEBOL	O3.5	121	18.2	0		
INT-CONMEBOL	O4.5	121	7.4	0		
INT-CONMEBOL	O5.5	121	3.3	0		
INT-CONMEBOL	U0.5	121	18.2	0		
INT-CONMEBOL	U1.5	121	43.0	0		
INT-CONMEBOL	U2.5	121	62.0	0		
INT-CONMEBOL	U3.5	121	81.8	44	81.8	+0.0
INT-CONMEBOL	U4.5	121	92.6	12	91.7	-0.9
INT-CONMEBOL	U5.5	121	96.7	0		
INT-CONMEBOL	U6.5	121	99.2	0		
INT-FR	O0.5	860	90.6	0		
INT-FR	O1.5	860	74.8	0		
INT-FR	O2.5	860	50.7	0		
INT-FR	O3.5	860	30.1	0		
INT-FR	O4.5	860	14.7	0		
INT-FR	O5.5	860	7.2	0		
INT-FR	U0.5	860	9.4	0		
INT-FR	U1.5	860	25.2	0		
INT-FR	U2.5	860	49.3	0		
INT-FR	U3.5	860	69.9	0		
INT-FR	U4.5	860	85.3	62	82.3	-3.1
INT-FR	U5.5	860	92.8	0		
INT-FR	U6.5	860	97.1	0		
INT-UEFA	O0.5	492	92.3	0		
INT-UEFA	O1.5	492	76.2	157	86.0	+9.8
INT-UEFA	O2.5	492	53.3	0		
INT-UEFA	O3.5	492	33.3	0		
INT-UEFA	O4.5	492	17.7	0		
INT-UEFA	O5.5	492	8.3	0		
INT-UEFA	U0.5	492	7.7	0		
INT-UEFA	U1.5	492	23.8	0		
INT-UEFA	U2.5	492	46.7	0		
INT-UEFA	U3.5	492	66.7	69	76.8	+10.1
INT-UEFA	U4.5	492	82.3	114	79.8	-2.5
INT-UEFA	U5.5	492	91.7	0		
INT-UEFA	U6.5	492	96.3	0		
IRL-PD	O0.5	496	89.9	0		
IRL-PD	O1.5	496	70.6	1	0.0	-70.6
IRL-PD	O2.5	496	45.8	0		
IRL-PD	O3.5	496	23.4	0		
IRL-PD	O4.5	496	10.7	0		
IRL-PD	O5.5	496	3.2	0		
IRL-PD	U0.5	496	10.1	0		
IRL-PD	U1.5	496	29.4	0		
IRL-PD	U2.5	496	54.2	0		
IRL-PD	U3.5	496	76.6	0		
IRL-PD	U4.5	496	89.3	212	89.6	+0.3
IRL-PD	U5.5	496	96.8	0		
IRL-PD	U6.5	496	98.8	0		
ITA-SA	O0.5	799	92.0	0		
ITA-SA	O1.5	799	72.6	49	87.8	+15.2
ITA-SA	O2.5	799	47.2	0		
ITA-SA	O3.5	799	24.2	0		
ITA-SA	O4.5	799	11.3	0		
ITA-SA	O5.5	799	2.9	0		
ITA-SA	U0.5	799	8.0	0		
ITA-SA	U1.5	799	27.4	0		
ITA-SA	U2.5	799	52.8	0		
ITA-SA	U3.5	799	75.8	0		
ITA-SA	U4.5	799	88.7	449	87.8	-1.0
ITA-SA	U5.5	799	97.1	0		
ITA-SA	U6.5	799	99.1	0		
ITA-SB	O0.5	806	91.2	0		
ITA-SB	O1.5	806	73.4	81	84.0	+10.5
ITA-SB	O2.5	806	47.4	0		
ITA-SB	O3.5	806	25.2	0		
ITA-SB	O4.5	806	8.9	0		
ITA-SB	O5.5	806	3.6	0		
ITA-SB	U0.5	806	8.8	0		
ITA-SB	U1.5	806	26.6	0		
ITA-SB	U2.5	806	52.6	0		
ITA-SB	U3.5	806	74.8	429	77.4	+2.6
ITA-SB	U4.5	806	91.1	0		
ITA-SB	U5.5	806	96.4	0		
ITA-SB	U6.5	806	98.8	0		
JPN-J1	O0.5	663	93.2	0		
JPN-J1	O1.5	663	70.9	8	87.5	+16.6
JPN-J1	O2.5	663	46.2	0		
JPN-J1	O3.5	663	23.5	0		
JPN-J1	O4.5	663	11.3	0		
JPN-J1	O5.5	663	5.6	0		
JPN-J1	U0.5	663	6.8	0		
JPN-J1	U1.5	663	29.1	0		
JPN-J1	U2.5	663	53.8	0		
JPN-J1	U3.5	663	76.5	3	66.7	-9.8
JPN-J1	U4.5	663	88.7	727	88.4	-0.2
JPN-J1	U5.5	663	94.4	0		
JPN-J1	U6.5	663	97.6	0		
MAR-BP	O0.5	442	88.2	0		
MAR-BP	O1.5	442	66.5	3	33.3	-33.2
MAR-BP	O2.5	442	40.0	0		
MAR-BP	O3.5	442	19.9	0		
MAR-BP	O4.5	442	6.8	0		
MAR-BP	O5.5	442	1.8	0		
MAR-BP	U0.5	442	11.8	0		
MAR-BP	U1.5	442	33.5	0		
MAR-BP	U2.5	442	60.0	0		
MAR-BP	U3.5	442	80.1	83	80.7	+0.6
MAR-BP	U4.5	442	93.2	89	94.4	+1.2
MAR-BP	U5.5	442	98.2	0		
MAR-BP	U6.5	442	99.5	0		
MEX-LMX	O0.5	754	93.2	0		
MEX-LMX	O1.5	754	77.2	80	72.5	-4.7
MEX-LMX	O2.5	754	54.9	0		
MEX-LMX	O3.5	754	31.2	0		
MEX-LMX	O4.5	754	17.1	0		
MEX-LMX	O5.5	754	6.6	0		
MEX-LMX	U0.5	754	6.8	0		
MEX-LMX	U1.5	754	22.8	0		
MEX-LMX	U2.5	754	45.1	0		
MEX-LMX	U3.5	754	68.8	0		
MEX-LMX	U4.5	754	82.9	576	82.1	-0.8
MEX-LMX	U5.5	754	93.4	0		
MEX-LMX	U6.5	754	97.6	0		
MLS	O0.5	927	94.1	0		
MLS	O1.5	927	79.4	424	80.4	+1.0
MLS	O2.5	927	60.2	0		
MLS	O3.5	927	37.3	0		
MLS	O4.5	927	21.1	0		
MLS	O5.5	927	11.3	0		
MLS	U0.5	927	5.9	0		
MLS	U1.5	927	20.6	0		
MLS	U2.5	927	39.8	0		
MLS	U3.5	927	62.7	0		
MLS	U4.5	927	78.9	376	78.7	-0.1
MLS	U5.5	927	88.7	0		
MLS	U6.5	927	95.9	0		
NED-D2	O0.5	840	95.4	0		
NED-D2	O1.5	840	81.7	298	84.6	+2.9
NED-D2	O2.5	840	62.5	0		
NED-D2	O3.5	840	41.0	0		
NED-D2	O4.5	840	21.8	0		
NED-D2	O5.5	840	9.4	0		
NED-D2	U0.5	840	4.6	0		
NED-D2	U1.5	840	18.3	0		
NED-D2	U2.5	840	37.5	0		
NED-D2	U3.5	840	59.0	0		
NED-D2	U4.5	840	78.2	256	82.8	+4.6
NED-D2	U5.5	840	90.6	0		
NED-D2	U6.5	840	96.5	0		
NED-ED	O0.5	650	96.5	0		
NED-ED	O1.5	650	84.3	249	89.2	+4.8
NED-ED	O2.5	650	59.8	0		
NED-ED	O3.5	650	37.1	0		
NED-ED	O4.5	650	20.0	0		
NED-ED	O5.5	650	8.8	0		
NED-ED	U0.5	650	3.5	0		
NED-ED	U1.5	650	15.7	0		
NED-ED	U2.5	650	40.2	0		
NED-ED	U3.5	650	62.9	5	80.0	+17.1
NED-ED	U4.5	650	80.0	252	84.9	+4.9
NED-ED	U5.5	650	91.2	0		
NED-ED	U6.5	650	96.2	0		
NGA-PL	O0.5	1139	89.7	0		
NGA-PL	O1.5	1139	61.2	0		
NGA-PL	O2.5	1139	34.9	0		
NGA-PL	O3.5	1139	14.6	0		
NGA-PL	O4.5	1139	7.6	0		
NGA-PL	O5.5	1139	2.1	0		
NGA-PL	U0.5	1139	10.3	0		
NGA-PL	U1.5	1139	38.8	0		
NGA-PL	U2.5	1139	65.1	0		
NGA-PL	U3.5	1139	85.4	368	88.6	+3.2
NGA-PL	U4.5	1139	92.4	198	94.4	+2.1
NGA-PL	U5.5	1139	97.9	0		
NGA-PL	U6.5	1139	99.2	0		
NOR-EL	O0.5	409	95.8	0		
NOR-EL	O1.5	409	83.9	238	81.5	-2.4
NOR-EL	O2.5	409	62.3	1	100.0	+37.7
NOR-EL	O3.5	409	39.1	0		
NOR-EL	O4.5	409	21.8	0		
NOR-EL	O5.5	409	8.1	0		
NOR-EL	U0.5	409	4.2	0		
NOR-EL	U1.5	409	16.1	0		
NOR-EL	U2.5	409	37.7	0		
NOR-EL	U3.5	409	60.9	3	66.7	+5.8
NOR-EL	U4.5	409	78.2	215	80.9	+2.7
NOR-EL	U5.5	409	91.9	0		
NOR-EL	U6.5	409	96.6	0		
PAR-D1	O0.5	101	90.1	0		
PAR-D1	O1.5	101	61.4	3	100.0	+38.6
PAR-D1	O2.5	101	36.6	0		
PAR-D1	O3.5	101	18.8	0		
PAR-D1	O4.5	101	5.0	0		
PAR-D1	O5.5	101	2.0	0		
PAR-D1	U0.5	101	9.9	0		
PAR-D1	U1.5	101	38.6	0		
PAR-D1	U2.5	101	63.4	0		
PAR-D1	U3.5	101	81.2	41	82.9	+1.7
PAR-D1	U4.5	101	95.0	25	92.0	-3.0
PAR-D1	U5.5	101	98.0	0		
PAR-D1	U6.5	101	99.0	0		
PER-L1	O0.5	575	92.7	0		
PER-L1	O1.5	575	73.4	0		
PER-L1	O2.5	575	52.3	0		
PER-L1	O3.5	575	29.0	0		
PER-L1	O4.5	575	14.6	0		
PER-L1	O5.5	575	5.4	0		
PER-L1	U0.5	575	7.3	0		
PER-L1	U1.5	575	26.6	0		
PER-L1	U2.5	575	47.7	0		
PER-L1	U3.5	575	71.0	0		
PER-L1	U4.5	575	85.4	255	83.9	-1.5
PER-L1	U5.5	575	94.6	0		
PER-L1	U6.5	575	98.1	0		
POL-EK	O0.5	680	93.1	0		
POL-EK	O1.5	680	76.8	136	79.4	+2.6
POL-EK	O2.5	680	51.6	0		
POL-EK	O3.5	680	29.3	0		
POL-EK	O4.5	680	14.0	0		
POL-EK	O5.5	680	6.0	0		
POL-EK	U0.5	680	6.9	0		
POL-EK	U1.5	680	23.2	0		
POL-EK	U2.5	680	48.4	0		
POL-EK	U3.5	680	70.7	18	77.8	+7.0
POL-EK	U4.5	680	86.0	430	87.9	+1.9
POL-EK	U5.5	680	94.0	0		
POL-EK	U6.5	680	97.2	0		
POR-PL	O0.5	661	93.8	0		
POR-PL	O1.5	661	74.4	179	86.0	+11.6
POR-PL	O2.5	661	52.0	0		
POR-PL	O3.5	661	28.9	0		
POR-PL	O4.5	661	10.4	0		
POR-PL	O5.5	661	3.8	0		
POR-PL	U0.5	661	6.2	0		
POR-PL	U1.5	661	25.6	0		
POR-PL	U2.5	661	48.0	0		
POR-PL	U3.5	661	71.1	180	77.2	+6.1
POR-PL	U4.5	661	89.6	100	91.0	+1.4
POR-PL	U5.5	661	96.2	0		
POR-PL	U6.5	661	99.2	0		
ROU-L1	O0.5	675	91.1	0		
ROU-L1	O1.5	675	70.2	11	72.7	+2.5
ROU-L1	O2.5	675	42.7	0		
ROU-L1	O3.5	675	23.7	0		
ROU-L1	O4.5	675	11.6	0		
ROU-L1	O5.5	675	3.4	0		
ROU-L1	U0.5	675	8.9	0		
ROU-L1	U1.5	675	29.8	0		
ROU-L1	U2.5	675	57.3	0		
ROU-L1	U3.5	675	76.3	196	78.1	+1.8
ROU-L1	U4.5	675	88.4	398	88.9	+0.5
ROU-L1	U5.5	675	96.6	0		
ROU-L1	U6.5	675	99.3	0		
RSA-PL	O0.5	189	90.5	0		
RSA-PL	O1.5	189	58.7	1	100.0	+41.3
RSA-PL	O2.5	189	30.7	0		
RSA-PL	O3.5	189	11.6	0		
RSA-PL	O4.5	189	5.8	0		
RSA-PL	O5.5	189	1.6	0		
RSA-PL	U0.5	189	9.5	0		
RSA-PL	U1.5	189	41.3	0		
RSA-PL	U2.5	189	69.3	14	57.1	-12.2
RSA-PL	U3.5	189	88.4	68	89.7	+1.3
RSA-PL	U4.5	189	94.2	58	93.1	-1.1
RSA-PL	U5.5	189	98.4	0		
RSA-PL	U6.5	189	99.5	0		
RUS-PL	O0.5	496	92.7	0		
RUS-PL	O1.5	496	75.6	93	81.7	+6.1
RUS-PL	O2.5	496	49.0	0		
RUS-PL	O3.5	496	27.0	0		
RUS-PL	O4.5	496	12.7	0		
RUS-PL	O5.5	496	5.0	0		
RUS-PL	U0.5	496	7.3	0		
RUS-PL	U1.5	496	24.4	0		
RUS-PL	U2.5	496	51.0	0		
RUS-PL	U3.5	496	73.0	67	86.6	+13.6
RUS-PL	U4.5	496	87.3	310	85.2	-2.1
RUS-PL	U5.5	496	95.0	0		
RUS-PL	U6.5	496	98.6	0		
SAU-PL	O0.5	673	94.4	0		
SAU-PL	O1.5	673	78.8	344	84.6	+5.8
SAU-PL	O2.5	673	56.2	0		
SAU-PL	O3.5	673	35.2	0		
SAU-PL	O4.5	673	19.2	0		
SAU-PL	O5.5	673	7.7	0		
SAU-PL	U0.5	673	5.6	0		
SAU-PL	U1.5	673	21.2	0		
SAU-PL	U2.5	673	43.8	0		
SAU-PL	U3.5	673	64.8	1	0.0	-64.8
SAU-PL	U4.5	673	80.8	277	85.6	+4.7
SAU-PL	U5.5	673	92.3	0		
SAU-PL	U6.5	673	97.3	0		
SCO-CH	O0.5	370	88.9	0		
SCO-CH	O1.5	370	71.6	1	100.0	+28.4
SCO-CH	O2.5	370	44.9	0		
SCO-CH	O3.5	370	22.2	0		
SCO-CH	O4.5	370	11.9	0		
SCO-CH	O5.5	370	4.6	0		
SCO-CH	U0.5	370	11.1	0		
SCO-CH	U1.5	370	28.4	0		
SCO-CH	U2.5	370	55.1	0		
SCO-CH	U3.5	370	77.8	2	100.0	+22.2
SCO-CH	U4.5	370	88.1	362	87.8	-0.3
SCO-CH	U5.5	370	95.4	0		
SCO-CH	U6.5	370	99.2	0		
SCO-L1	O0.5	374	93.3	0		
SCO-L1	O1.5	374	77.3	124	79.8	+2.6
SCO-L1	O2.5	374	50.5	0		
SCO-L1	O3.5	374	28.9	0		
SCO-L1	O4.5	374	11.2	0		
SCO-L1	O5.5	374	3.7	0		
SCO-L1	U0.5	374	6.7	0		
SCO-L1	U1.5	374	22.7	0		
SCO-L1	U2.5	374	49.5	0		
SCO-L1	U3.5	374	71.1	2	50.0	-21.1
SCO-L1	U4.5	374	88.8	231	90.0	+1.3
SCO-L1	U5.5	374	96.3	0		
SCO-L1	U6.5	374	99.2	0		
SCO-L2	O0.5	375	94.1	0		
SCO-L2	O1.5	375	78.4	135	77.8	-0.6
SCO-L2	O2.5	375	52.0	0		
SCO-L2	O3.5	375	30.4	0		
SCO-L2	O4.5	375	14.4	0		
SCO-L2	O5.5	375	6.9	0		
SCO-L2	U0.5	375	5.9	0		
SCO-L2	U1.5	375	21.6	0		
SCO-L2	U2.5	375	48.0	0		
SCO-L2	U3.5	375	69.6	43	76.7	+7.1
SCO-L2	U4.5	375	85.6	121	88.4	+2.8
SCO-L2	U5.5	375	93.1	0		
SCO-L2	U6.5	375	98.1	0		
SCO-PL	O0.5	487	94.3	0		
SCO-PL	O1.5	487	78.6	164	86.0	+7.3
SCO-PL	O2.5	487	56.9	0		
SCO-PL	O3.5	487	32.4	0		
SCO-PL	O4.5	487	14.4	0		
SCO-PL	O5.5	487	7.2	0		
SCO-PL	U0.5	487	5.7	0		
SCO-PL	U1.5	487	21.4	0		
SCO-PL	U2.5	487	43.1	0		
SCO-PL	U3.5	487	67.6	3	66.7	-0.9
SCO-PL	U4.5	487	85.6	207	84.5	-1.1
SCO-PL	U5.5	487	92.8	0		
SCO-PL	U6.5	487	98.4	0		
SUI-CL	O0.5	2	100.0	0		
SUI-CL	O1.5	2	100.0	0		
SUI-CL	O2.5	2	100.0	0		
SUI-CL	O3.5	2	100.0	0		
SUI-CL	O4.5	2	100.0	0		
SUI-CL	O5.5	2	0.0	0		
SUI-CL	U0.5	2	0.0	0		
SUI-CL	U1.5	2	0.0	0		
SUI-CL	U2.5	2	0.0	0		
SUI-CL	U3.5	2	0.0	0		
SUI-CL	U4.5	2	0.0	0		
SUI-CL	U5.5	2	100.0	0		
SUI-CL	U6.5	2	100.0	0		
SUI-SL	O0.5	504	96.0	0		
SUI-SL	O1.5	504	84.1	267	84.6	+0.5
SUI-SL	O2.5	504	62.7	0		
SUI-SL	O3.5	504	39.3	0		
SUI-SL	O4.5	504	22.2	0		
SUI-SL	O5.5	504	9.9	0		
SUI-SL	U0.5	504	4.0	0		
SUI-SL	U1.5	504	15.9	0		
SUI-SL	U2.5	504	37.3	0		
SUI-SL	U3.5	504	60.7	5	80.0	+19.3
SUI-SL	U4.5	504	77.8	192	77.6	-0.2
SUI-SL	U5.5	504	90.1	0		
SUI-SL	U6.5	504	96.8	0		
SWE-AL	O0.5	409	95.1	0		
SWE-AL	O1.5	409	79.5	214	78.5	-1.0
SWE-AL	O2.5	409	53.1	0		
SWE-AL	O3.5	409	30.8	0		
SWE-AL	O4.5	409	16.6	0		
SWE-AL	O5.5	409	7.6	0		
SWE-AL	U0.5	409	4.9	0		
SWE-AL	U1.5	409	20.5	0		
SWE-AL	U2.5	409	46.9	0		
SWE-AL	U3.5	409	69.2	26	73.1	+3.9
SWE-AL	U4.5	409	83.4	198	87.4	+4.0
SWE-AL	U5.5	409	92.4	0		
SWE-AL	U6.5	409	95.6	0		
TUR-SL	O0.5	691	92.0	0		
TUR-SL	O1.5	691	76.4	117	83.8	+7.3
TUR-SL	O2.5	691	54.3	0		
TUR-SL	O3.5	691	31.4	0		
TUR-SL	O4.5	691	17.1	0		
TUR-SL	O5.5	691	6.7	0		
TUR-SL	U0.5	691	8.0	0		
TUR-SL	U1.5	691	23.6	0		
TUR-SL	U2.5	691	45.7	0		
TUR-SL	U3.5	691	68.6	0		
TUR-SL	U4.5	691	82.9	439	88.6	+5.7
TUR-SL	U5.5	691	93.3	0		
TUR-SL	U6.5	691	97.4	0		
UCL	O0.5	503	95.2	0		
UCL	O1.5	503	80.5	266	84.6	+4.1
UCL	O2.5	503	63.0	2	100.0	+37.0
UCL	O3.5	503	41.7	0		
UCL	O4.5	503	25.0	0		
UCL	O5.5	503	12.1	0		
UCL	U0.5	503	4.8	0		
UCL	U1.5	503	19.5	0		
UCL	U2.5	503	37.0	0		
UCL	U3.5	503	58.3	0		
UCL	U4.5	503	75.0	35	74.3	-0.7
UCL	U5.5	503	87.9	0		
UCL	U6.5	503	94.4	0		
UCL-Q	O0.5	182	92.9	0		
UCL-Q	O1.5	182	71.4	37	75.7	+4.2
UCL-Q	O2.5	182	47.3	1	0.0	-47.3
UCL-Q	O3.5	182	29.1	0		
UCL-Q	O4.5	182	18.7	0		
UCL-Q	O5.5	182	7.1	0		
UCL-Q	U0.5	182	7.1	0		
UCL-Q	U1.5	182	28.6	0		
UCL-Q	U2.5	182	52.7	0		
UCL-Q	U3.5	182	70.9	0		
UCL-Q	U4.5	182	81.3	139	84.9	+3.6
UCL-Q	U5.5	182	92.9	0		
UCL-Q	U6.5	182	96.7	0		
UECL	O0.5	436	94.3	0		
UECL	O1.5	436	75.9	74	74.3	-1.6
UECL	O2.5	436	53.2	0		
UECL	O3.5	436	28.7	0		
UECL	O4.5	436	14.2	0		
UECL	O5.5	436	5.5	0		
UECL	U0.5	436	5.7	0		
UECL	U1.5	436	24.1	0		
UECL	U2.5	436	46.8	0		
UECL	U3.5	436	71.3	0		
UECL	U4.5	436	85.8	219	89.5	+3.7
UECL	U5.5	436	94.5	0		
UECL	U6.5	436	97.5	0		
UECL-Q	O0.5	510	92.5	0		
UECL-Q	O1.5	510	73.1	72	81.9	+8.8
UECL-Q	O2.5	510	51.0	0		
UECL-Q	O3.5	510	30.2	0		
UECL-Q	O4.5	510	16.5	0		
UECL-Q	O5.5	510	7.1	0		
UECL-Q	U0.5	510	7.5	0		
UECL-Q	U1.5	510	26.9	0		
UECL-Q	U2.5	510	49.0	0		
UECL-Q	U3.5	510	69.8	22	90.9	+21.1
UECL-Q	U4.5	510	83.5	335	88.4	+4.8
UECL-Q	U5.5	510	92.9	0		
UECL-Q	U6.5	510	96.7	0		
UEL	O0.5	511	95.7	0		
UEL	O1.5	511	79.1	88	79.5	+0.5
UEL	O2.5	511	56.4	0		
UEL	O3.5	511	32.3	0		
UEL	O4.5	511	15.3	0		
UEL	O5.5	511	5.7	0		
UEL	U0.5	511	4.3	0		
UEL	U1.5	511	20.9	0		
UEL	U2.5	511	43.6	0		
UEL	U3.5	511	67.7	0		
UEL	U4.5	511	84.7	273	87.2	+2.4
UEL	U5.5	511	94.3	0		
UEL	U6.5	511	98.0	0		
UEL-Q	O0.5	162	87.0	0		
UEL-Q	O1.5	162	66.7	22	63.6	-3.0
UEL-Q	O2.5	162	51.9	0		
UEL-Q	O3.5	162	26.5	0		
UEL-Q	O4.5	162	13.0	0		
UEL-Q	O5.5	162	6.8	0		
UEL-Q	U0.5	162	13.0	0		
UEL-Q	U1.5	162	33.3	0		
UEL-Q	U2.5	162	48.1	0		
UEL-Q	U3.5	162	73.5	0		
UEL-Q	U4.5	162	87.0	140	87.1	+0.1
UEL-Q	U5.5	162	93.2	0		
UEL-Q	U6.5	162	97.5	0		
UKR-PL	O0.5	479	89.8	0		
UKR-PL	O1.5	479	67.8	53	79.2	+11.4
UKR-PL	O2.5	479	42.4	0		
UKR-PL	O3.5	479	21.1	0		
UKR-PL	O4.5	479	9.8	0		
UKR-PL	O5.5	479	4.6	0		
UKR-PL	U0.5	479	10.2	0		
UKR-PL	U1.5	479	32.2	0		
UKR-PL	U2.5	479	57.6	0		
UKR-PL	U3.5	479	78.9	244	81.6	+2.6
UKR-PL	U4.5	479	90.2	110	90.0	-0.2
UKR-PL	U5.5	479	95.4	0		
UKR-PL	U6.5	479	98.5	0		
