# The last quote each lane had before kickoff, kept after it.
# Updated by scripts/odds_api.py --quotes on every refresh; read
# by webapp so a card is judged on the same price after kickoff
# as just before it. Never pruned.
# date	fixture	which	lane	best	book	top
2026-09-28	Armenia v Montenegro	1	U4.5	1.09	1xBet	1.09 1xBet
2026-09-28	Belgium v France	1	O1.5	1.32	Pinnacle	1.32 Pinnacle
2026-09-28	Belgium v France	2	O2.25	1.99	Pinnacle	1.99 Pinnacle
2026-09-28	Columbus Crew v Inter Miami	1	O1.5	1.11	Pinnacle	1.11 Pinnacle
2026-09-28	Columbus Crew v Inter Miami	3	12	1.27	LeoVegas (SE)	1.27 LeoVegas (SE)
2026-09-28	Georgia v Ukraine	1	O1.5	1.39	1xBet	1.39 1xBet
2026-09-28	Latvia v Cyprus	1	U4.5	1.03	1xBet	1.03 1xBet
2026-09-28	Latvia v Cyprus	2	U3.75	1.15	1xBet	1.15 1xBet
2026-09-28	Leganés v CD Castellón	1	U4.5	1.12	Pinnacle	1.12 Pinnacle
2026-09-28	Leganés v CD Castellón	3	12	1.36	Pinnacle	1.36 Pinnacle
2026-09-28	León v FC Juárez	1	U4.5	1.15	Unibet (SE)	1.15 Unibet (SE)
2026-09-28	León v FC Juárez	3	DNB1	1.31	PMU (FR)	1.31 PMU (FR)
2026-09-28	Necaxa v América	1	U4.5	1.15	Coolbet	1.15 Coolbet
2026-09-28	Necaxa v América	3	12	1.31	Pinnacle	1.31 Pinnacle
2026-09-28	Northern Ireland v Hungary	1	U4.5	1.05	1xBet	1.05 1xBet
2026-09-28	Romania v Bosnia & Herzegovina	1	O1.5	1.35	1xBet	1.35 1xBet
2026-09-28	Romania v Bosnia & Herzegovina	2	O2.25	2.08	1xBet	2.08 1xBet
2026-09-28	Sweden v Poland	1	O1.5	1.21	1xBet	1.21 1xBet
2026-09-28	Türkiye v Italy	1	O1.5	1.33	Pinnacle	1.33 Pinnacle
2026-09-29	América Mineiro v Juventude	1	U3.5	1.32	Pinnacle	1.32 Pinnacle|1.26 BetOnline.ag|1.21 Unibet (NL)
2026-09-29	Bulgaria v Estonia	1	U3.5	1.21	1xBet	1.21 1xBet|1.18 Nordic Bet|1.18 Betsson
2026-09-29	Bulgaria v Estonia	2	U2.75	1.63	1xBet	1.63 1xBet|1.60 Nordic Bet|1.60 Betsson
2026-09-29	Czechia v England	1	O1.5	1.27	BetOnline.ag	1.27 BetOnline.ag|1.26 Pinnacle|1.22 MyBookie.ag
2026-09-29	Finland v Belarus	1	U4.5	1.08	1xBet	1.08 1xBet|1.04 LeoVegas (SE)|1.04 Unibet (SE)
2026-09-29	Finland v Belarus	2	U3.75	1.26	1xBet	1.26 1xBet|1.22 LeoVegas (SE)|1.22 Unibet (SE)
2026-09-29	Finland v Belarus	3	DNB1	1.25	William Hill	1.25 William Hill|1.25 Winamax (DE)|1.25 Winamax (FR)
2026-09-29	Luxembourg v Iceland	1	U4.5	1.08	1xBet	1.08 1xBet|1.04 William Hill|1.04 LeoVegas (SE)
2026-09-29	Luxembourg v Iceland	2	U3.75	1.25	1xBet	1.25 1xBet|1.21 William Hill|1.20 LeoVegas (SE)
2026-09-29	Moldova v Faroe Islands	1	U4.5	1.05	1xBet	1.05 1xBet|1.01 William Hill
2026-09-29	Moldova v Faroe Islands	2	U3.75	1.19	1xBet	1.19 1xBet|1.15 William Hill|1.14 Betsson
2026-09-29	San Marino v Albania	1	U3.5	1.88	1xBet	1.88 1xBet|1.80 MyBookie.ag|1.80 Nordic Bet
2026-09-29	Scotland v Switzerland	1	O1.5	1.38	1xBet	1.38 1xBet|1.34 MyBookie.ag|1.34 Betsson
2026-09-29	Scotland v Switzerland	2	O2.25	2.19	1xBet	2.19 1xBet|2.14 MyBookie.ag|2.12 Betsson
2026-09-29	Slovakia v Kazakhstan	1	U4.5	1.20	1xBet	1.20 1xBet|1.15 Nordic Bet|1.15 Betsson
2026-09-29	Slovakia v Kazakhstan	2	U3.75	1.51	1xBet	1.51 1xBet|1.46 William Hill|1.45 Nordic Bet
2026-09-29	Slovakia v Kazakhstan	3	DNB1	1.11	Winamax (FR)	1.11 Winamax (FR)|1.11 Winamax (DE)|1.11 PMU (FR)
2026-09-29	Slovenia v North Macedonia	1	U4.5	1.05	1xBet	1.05 1xBet|1.03 LeoVegas (SE)|1.03 Unibet (SE)
2026-09-29	Slovenia v North Macedonia	2	U3.75	1.21	1xBet	1.21 1xBet|1.19 LeoVegas (SE)|1.19 Unibet (SE)
2026-09-29	Spain v Croatia	1	O1.5	1.14	1xBet	1.14 1xBet|1.11 BetOnline.ag|1.10 LeoVegas (SE)
2026-09-30	Botafogo-SP v Ponte Preta	1	U3.5	1.44	1xBet	1.44 1xBet|1.43 Unibet (SE)|1.43 Unibet (NL)
2026-09-30	Botafogo-SP v Ponte Preta	2	U2.75	2.18	Unibet (SE)	2.18 Unibet (SE)|2.18 Unibet (NL)|2.18 1xBet
2026-09-30	Botafogo-SP v Ponte Preta	3	DNB1	1.13	Betsson	1.13 Betsson|1.13 Nordic Bet|1.13 Codere (IT)
2026-10-01	Azerbaijan v Liechtenstein	1	U3.5	1.44	LeoVegas (SE)	1.44 LeoVegas (SE)|1.44 Unibet (SE)|1.44 1xBet
2026-10-01	Azerbaijan v Liechtenstein	2	U2.75	2.20	LeoVegas (SE)	2.20 LeoVegas (SE)|2.20 Unibet (SE)|2.15 1xBet
2026-10-01	Azerbaijan v Liechtenstein	3	DNB1	1.06	PMU (FR)	1.06 PMU (FR)|1.05 LeoVegas (SE)|1.05 Unibet (SE)
2026-10-01	Denmark v Portugal	1	O1.5	1.32	Pinnacle	1.32 Pinnacle|1.31 BetOnline.ag|1.22 1xBet
2026-10-01	Denmark v Portugal	2	O2.25	2.01	Pinnacle	2.01 Pinnacle|2.00 BetOnline.ag|1.69 1xBet
2026-10-01	Germany v Serbia	1	O1.5	1.09	1xBet	1.09 1xBet|1.09 Pinnacle|1.07 BetOnline.ag
2026-10-01	Germany v Serbia	3	DNB1	1.11	Winamax (FR)	1.11 Winamax (FR)|1.10 Winamax (DE)|1.10 888sport
2026-10-01	Greece v Netherlands	1	O1.5	1.35	BetOnline.ag	1.35 BetOnline.ag|1.26 Pinnacle|1.22 1xBet
2026-10-01	Israel v Kosovo	1	O1.5	1.28	1xBet	1.28 1xBet|1.24 Nordic Bet|1.24 Betsson
2026-10-01	Malta v Gibraltar	1	U3.5	1.30	1xBet	1.30 1xBet|1.25 LeoVegas (SE)|1.25 Unibet (SE)
2026-10-01	Malta v Gibraltar	2	U2.75	1.83	1xBet	1.83 1xBet|1.75 William Hill|1.75 LeoVegas (SE)
2026-10-01	Malta v Gibraltar	3	DNB1	1.12	Winamax (FR)	1.12 Winamax (FR)|1.12 Winamax (DE)|1.12 PMU (FR)
2026-10-01	New York Red Bulls v St. Louis City SC	1	O1.5	1.12	1xBet	1.12 1xBet|1.10 Nordic Bet|1.10 Betsson
2026-10-01	Republic of Ireland v Austria	1	O1.5	1.40	1xBet	1.40 1xBet|1.39 LeoVegas (SE)|1.39 Unibet (SE)
2026-10-01	Wales v Norway	1	O1.5	1.28	Pinnacle	1.28 Pinnacle|1.26 BetOnline.ag|1.15 1xBet
2026-10-02	Athletic Club (MG) v Sport Recife	1	O1.0	1.11	Coolbet	1.11 Coolbet|1.05 Pinnacle|1.04 1xBet
2026-10-02	Athletic Club (MG) v Sport Recife	2	O1.75	1.71	Coolbet	1.71 Coolbet|1.36 Nordic Bet|1.36 1xBet
2026-10-02	Athletic Club (MG) v Sport Recife	3	12	1.38	Pinnacle	1.38 Pinnacle|1.35 BetOnline.ag|1.33 Unibet (NL)
2026-10-02	Belgium v Türkiye	1	O1.5	1.22	BetOnline.ag	1.22 BetOnline.ag|1.14 1xBet|1.11 Nordic Bet
2026-10-02	Belgium v Türkiye	3	DNB1	1.32	MyBookie.ag	1.32 MyBookie.ag|1.32 William Hill|1.31 888sport
2026-10-02	Bosnia-Herzegovina v Sweden	1	O1.5	1.21	1xBet	1.21 1xBet|1.17 LeoVegas (SE)|1.17 Unibet (SE)
2026-10-02	CD Eldense v Oviedo	1	U3.5	1.20	1xBet	1.20 1xBet|1.14 Tipico|1.14 Nordic Bet
2026-10-02	Cyprus v Armenia	1	U4.5	1.10	1xBet	1.10 1xBet|1.05 Unibet (SE)|1.05 LeoVegas (SE)
2026-10-02	Cyprus v Armenia	3	DNB1	1.68	MyBookie.ag	1.68 MyBookie.ag|1.67 1xBet|1.67 Marathon Bet
2026-10-02	Dundalk v Bohemians	1	O1.5	1.24	Coolbet	1.24 Coolbet|1.22 BetAnything|1.21 BetOnline.ag
2026-10-02	Dundalk v Bohemians	3	12	1.25	Pinnacle	1.25 Pinnacle|1.23 Coolbet|1.23 Unibet (SE)
2026-10-02	Faroe Islands v Slovakia	1	U4.5	1.09	1xBet	1.09 1xBet|1.04 LeoVegas (SE)|1.04 Unibet (SE)
2026-10-02	Faroe Islands v Slovakia	2	U3.75	1.29	1xBet	1.29 1xBet|1.22 William Hill|1.22 LeoVegas (SE)
2026-10-02	France v Italy	1	O1.5	1.26	Pinnacle	1.26 Pinnacle|1.25 BetOnline.ag|1.16 1xBet
2026-10-02	Grêmio Novorizontino v Goiás	1	O1.0	1.04	Pinnacle	1.04 Pinnacle|1.02 1xBet|1.01 Coolbet
2026-10-02	Grêmio Novorizontino v Goiás	2	O1.75	1.31	Pinnacle	1.31 Pinnacle|1.29 1xBet|1.29 Coolbet
2026-10-02	Grêmio Novorizontino v Goiás	3	DNB1	1.31	Marathon Bet	1.31 Marathon Bet|1.28 LeoVegas (SE)|1.27 Unibet (SE)
2026-10-02	Hungary v Georgia	1	U4.5	1.08	1xBet	1.08 1xBet|1.05 LeoVegas (SE)|1.05 Unibet (SE)
2026-10-02	Kazakhstan v Moldova	1	U4.5	1.05	1xBet	1.05 1xBet|1.01 MyBookie.ag|1.01 William Hill
2026-10-02	Kazakhstan v Moldova	3	DNB1	1.43	Betsson	1.43 Betsson|1.43 Nordic Bet|1.43 William Hill
2026-10-02	Latvia v Montenegro	1	U4.5	1.08	1xBet	1.08 1xBet|1.05 MyBookie.ag|1.05 William Hill
2026-10-02	Latvia v Montenegro	2	U3.75	1.27	1xBet	1.27 1xBet|1.25 William Hill|1.24 Nordic Bet
2026-10-02	Poland v Romania	1	O1.5	1.19	1xBet	1.19 1xBet|1.15 LeoVegas (SE)|1.15 Unibet (SE)
2026-10-02	Seattle Sounders FC v Sporting Kansas City	1	U4.5	1.45	Pinnacle	1.45 Pinnacle|1.44 1xBet|1.39 MyBookie.ag
2026-10-02	Seattle Sounders FC v Sporting Kansas City	2	U3.75	2.03	Pinnacle	2.03 Pinnacle|2.02 1xBet|1.95 MyBookie.ag
2026-10-02	Ukraine v Northern Ireland	1	U4.5	1.03	1xBet	1.03 1xBet|1.01 LeoVegas (SE)|1.01 Unibet (SE)
2026-10-02	Ukraine v Northern Ireland	2	U3.75	1.15	1xBet	1.15 1xBet|1.14 LeoVegas (SE)|1.14 Unibet (SE)
2026-10-03	Accrington Stanley v Cheltenham Town	1	U4.5	1.12	Pinnacle	1.12 Pinnacle|1.12 1xBet|1.10 Coolbet
2026-10-03	Accrington Stanley v Cheltenham Town	2	U3.75	1.37	1xBet	1.37 1xBet|1.36 Pinnacle|1.35 William Hill
2026-10-03	Albacete v SD Eibar	1	U4.5	1.15	1xBet	1.15 1xBet|1.12 Coolbet|1.10 Pinnacle
2026-10-03	Almería v Burgos CF	1	U4.5	1.13	Pinnacle	1.13 Pinnacle|1.12 1xBet|1.10 Coolbet
2026-10-03	Atletico Goianiense v América Mineiro	1	O1.0	1.04	Pinnacle	1.04 Pinnacle
2026-10-03	Atletico Goianiense v América Mineiro	3	DNB1	1.18	BetOnline.ag	1.18 BetOnline.ag|1.18 Codere (IT)|1.17 Nordic Bet
2026-10-03	Atletico Mineiro v Bragantino-SP	1	U4.5	1.13	Pinnacle	1.13 Pinnacle|1.12 1xBet|1.11 Coolbet
2026-10-03	Atletico Mineiro v Bragantino-SP	2	O1.75	1.27	Pinnacle	1.27 Pinnacle|1.26 1xBet|1.26 BetOnline.ag
2026-10-03	Atletico Mineiro v Bragantino-SP	3	DNB1	1.62	Nordic Bet	1.62 Nordic Bet|1.62 Betsson|1.60 888sport
2026-10-03	Atlético Tucuman v Barracas Central	1	U3.5	1.11	BetAnything	1.11 BetAnything|1.11 Unibet (SE)|1.11 Nordic Bet
2026-10-03	Avai v Ceará	1	O1.0	1.17	Pinnacle	1.17 Pinnacle|1.15 Coolbet|1.13 BetOnline.ag
2026-10-03	Avai v Ceará	2	O1.75	1.87	Pinnacle	1.87 Pinnacle|1.85 Coolbet|1.81 BetOnline.ag
2026-10-03	Barnsley v Milton Keynes Dons	1	U4.5	1.13	Unibet (SE)	1.13 Unibet (SE)
2026-10-03	Belarus v San Marino	1	U3.5	1.63	1xBet	1.63 1xBet|1.62 LeoVegas (SE)|1.62 Unibet (SE)
2026-10-03	Belarus v San Marino	2	U2.75	2.62	LeoVegas (SE)	2.62 LeoVegas (SE)|2.62 Unibet (SE)|2.60 1xBet
2026-10-03	Belarus v San Marino	3	DNB1	1.04	Winamax (FR)	1.04 Winamax (FR)|1.04 Winamax (DE)|1.04 Suprabets
2026-10-03	Blackpool v Leicester City	1	O1.5	1.14	Unibet (NL)	1.14 Unibet (NL)|1.14 LeoVegas (SE)|1.14 Unibet (SE)
2026-10-03	Boca Juniors v Union Santa Fe	1	O1.0	1.04	Pinnacle	1.04 Pinnacle|1.02 BetOnline.ag|1.02 1xBet
2026-10-03	Boca Juniors v Union Santa Fe	2	O1.75	1.28	Pinnacle	1.28 Pinnacle|1.26 BetOnline.ag|1.25 1xBet
2026-10-03	Boca Juniors v Union Santa Fe	3	12	1.22	Nordic Bet	1.22 Nordic Bet|1.22 BetOnline.ag|1.22 BetAnything
2026-10-03	Botafogo-SP v Vila Nova	1	O1.0	1.18	Pinnacle	1.18 Pinnacle|1.15 Coolbet|1.13 BetOnline.ag
2026-10-03	Bromley FC v Wycombe Wanderers	1	U4.5	1.13	Coolbet	1.13 Coolbet
2026-10-03	Burton Albion v Huddersfield Town	1	O1.5	1.30	Pinnacle	1.30 Pinnacle|1.29 BetOnline.ag|1.23 Coolbet
2026-10-03	Chesterfield FC v Tranmere Rovers	1	U4.5	1.15	Tipico	1.15 Tipico|1.15 1xBet|1.14 William Hill
2026-10-03	Chesterfield FC v Tranmere Rovers	3	DNB1	1.40	888sport	1.40 888sport|1.40 William Hill|1.39 Coolbet
2026-10-03	Colchester United v Port Vale	1	U4.5	1.09	Coolbet	1.09 Coolbet
2026-10-03	Colchester United v Port Vale	2	O1.75	1.24	Coolbet	1.24 Coolbet
2026-10-03	Crewe Alexandra v Bristol Rovers	1	U4.5	1.12	1xBet	1.12 1xBet|1.11 BetOnline.ag|1.10 Betsson
2026-10-03	Croatia v England	1	O1.5	1.33	BetOnline.ag	1.33 BetOnline.ag|1.27 Pinnacle|1.21 1xBet
2026-10-03	Croatia v England	2	O2.25	2.06	BetOnline.ag	2.06 BetOnline.ag|1.85 Pinnacle|1.68 1xBet
2026-10-03	Cuiabá v Ponte Preta	1	U3.5	1.63	1xBet	1.63 1xBet|1.60 Unibet (NL)|1.60 Unibet (SE)
2026-10-03	Cuiabá v Ponte Preta	2	U2.75	2.63	1xBet	2.63 1xBet|2.58 Unibet (NL)|2.58 Unibet (SE)
2026-10-03	Cuiabá v Ponte Preta	3	DNB1	1.09	BetOnline.ag	1.09 BetOnline.ag|1.08 Codere (IT)|1.08 Nordic Bet
2026-10-03	Cádiz CF v Leganés	1	U3.5	1.33	Pinnacle	1.33 Pinnacle|1.30 BetOnline.ag|1.29 BetAnything
2026-10-03	Defensa y Justicia v San Lorenzo	1	U3.5	1.16	1xBet	1.16 1xBet|1.14 Nordic Bet|1.14 Betsson
2026-10-03	Defensa y Justicia v San Lorenzo	2	U2.75	1.53	1xBet	1.53 1xBet|1.50 Nordic Bet|1.50 Betsson
2026-10-03	Estonia v Luxembourg	1	U4.5	1.02	1xBet	1.02 1xBet
2026-10-03	Estonia v Luxembourg	2	U3.75	1.14	1xBet	1.14 1xBet|1.12 Nordic Bet|1.12 Betsson
2026-10-03	Exeter City v Rotherham United	1	U4.5	1.11	Pinnacle	1.11 Pinnacle|1.10 1xBet|1.09 BetOnline.ag
2026-10-03	Exeter City v Rotherham United	2	O1.75	1.27	Pinnacle	1.27 Pinnacle|1.27 1xBet|1.26 BetOnline.ag
2026-10-03	Finland v Albania	1	U4.5	1.04	1xBet	1.04 1xBet|1.02 LeoVegas (SE)|1.02 Unibet (SE)
2026-10-03	Finland v Albania	2	U3.75	1.17	LeoVegas (SE)	1.17 LeoVegas (SE)|1.17 Unibet (SE)|1.16 1xBet
2026-10-03	Fortaleza v Nautico PE	1	O1.0	1.04	Pinnacle	1.04 Pinnacle|1.02 1xBet
2026-10-03	Fortaleza v Nautico PE	2	O1.75	1.31	Pinnacle	1.31 Pinnacle|1.27 1xBet|1.27 William Hill
2026-10-03	Gillingham v Newport County	1	U4.5	1.10	1xBet	1.10 1xBet|1.10 Pinnacle|1.09 Coolbet
2026-10-03	Gillingham v Newport County	2	U3.75	1.33	1xBet	1.33 1xBet|1.31 Pinnacle|1.31 Coolbet
2026-10-03	Grimsby Town v Shrewsbury Town	1	U4.5	1.13	1xBet	1.13 1xBet|1.11 Coolbet|1.10 Betsson
2026-10-03	Grimsby Town v Shrewsbury Town	3	DNB1	1.38	LeoVegas (SE)	1.38 LeoVegas (SE)|1.37 Unibet (NL)|1.37 Unibet (SE)
2026-10-03	Iceland v Bulgaria	1	U4.5	1.14	1xBet	1.14 1xBet|1.10 MyBookie.ag|1.09 Nordic Bet
2026-10-03	Iceland v Bulgaria	3	DNB1	1.23	MyBookie.ag	1.23 MyBookie.ag|1.22 Winamax (FR)|1.22 Betclic (FR)
2026-10-03	Independiente Rivadavia v Gimnasia La Plata	1	O1.0	1.12	BetOnline.ag	1.12 BetOnline.ag|1.12 BetAnything|1.05 Pinnacle
2026-10-03	Independiente Rivadavia v Gimnasia La Plata	2	O1.75	1.69	BetOnline.ag	1.69 BetOnline.ag|1.69 BetAnything|1.38 1xBet
2026-10-03	Independiente v Instituto de Córdoba	1	O1.0	1.22	Pinnacle	1.22 Pinnacle|1.17 BetOnline.ag|1.16 BetAnything
2026-10-03	Juventude v Operario PR	1	U3.5	1.34	Pinnacle	1.34 Pinnacle|1.29 BetOnline.ag|1.23 Tipico
2026-10-03	Juventude v Operario PR	2	U2.75	1.93	Pinnacle	1.93 Pinnacle|1.87 BetOnline.ag|1.72 Tipico
2026-10-03	Leyton Orient v Plymouth Argyle	1	O1.5	1.34	Coolbet	1.34 Coolbet|1.30 Pinnacle|1.27 BetOnline.ag
2026-10-03	Londrina v Criciuma	1	U3.5	1.30	Pinnacle	1.30 Pinnacle|1.24 BetOnline.ag|1.21 1xBet
2026-10-03	Luton v Doncaster Rovers	1	O1.5	1.30	Coolbet	1.30 Coolbet
2026-10-03	Newells Old Boys v Lanus	1	O1.0	1.21	Pinnacle	1.21 Pinnacle|1.17 BetOnline.ag|1.16 BetAnything
2026-10-03	North Macedonia v Scotland	1	U4.5	1.06	1xBet	1.06 1xBet|1.04 Unibet (SE)|1.04 LeoVegas (SE)
2026-10-03	North Macedonia v Scotland	2	U3.75	1.21	1xBet	1.21 1xBet|1.20 Unibet (SE)|1.20 LeoVegas (SE)
2026-10-03	Northampton Town v Oldham Athletic	1	U4.5	1.07	Nordic Bet	1.07 Nordic Bet
2026-10-03	Peterborough United v Notts County	1	U4.5	1.13	Betsson	1.13 Betsson
2026-10-03	Peterborough United v Notts County	2	U3.75	1.41	Betsson	1.41 Betsson
2026-10-03	Reading v Bradford City	1	U4.5	1.11	Pinnacle	1.11 Pinnacle|1.09 BetOnline.ag|1.08 Tipico
2026-10-03	Reading v Bradford City	2	U3.75	1.34	Pinnacle	1.34 Pinnacle|1.31 Tipico|1.31 BetOnline.ag
2026-10-03	Rochdale v Swindon Town	1	U4.5	1.17	Betsson	1.17 Betsson|1.17 Nordic Bet|1.16 1xBet
2026-10-03	Rochdale v Swindon Town	2	U3.75	1.48	Betsson	1.48 Betsson|1.48 Nordic Bet|1.46 1xBet
2026-10-03	Sabadell FC v Andorra CF	1	U4.5	1.11	Pinnacle	1.11 Pinnacle|1.07 BetOnline.ag|1.07 BetAnything
2026-10-03	Salford City v Fleetwood Town	1	U4.5	1.15	1xBet	1.15 1xBet|1.14 Tipico|1.13 Pinnacle
2026-10-03	Salford City v Fleetwood Town	3	1X	1.20	1xBet	1.20 1xBet|1.17 Pinnacle|1.17 BetOnline.ag
2026-10-03	Sao Paulo v Santos	1	U4.5	1.12	Pinnacle	1.12 Pinnacle|1.07 1xBet|1.05 BetAnything
2026-10-03	Sao Paulo v Santos	2	O1.75	1.67	BetOnline.ag	1.67 BetOnline.ag|1.66 Coolbet|1.39 BetAnything
2026-10-03	Sao Paulo v Santos	3	12	1.35	Pinnacle	1.35 Pinnacle|1.34 BetOnline.ag|1.34 BetAnything
2026-10-03	Spain v Czechia	1	O1.5	1.08	Pinnacle	1.08 Pinnacle|1.08 BetOnline.ag|1.06 1xBet
2026-10-03	Spain v Czechia	3	12	1.03	1xBet	1.03 1xBet|1.03 Unibet (SE)|1.03 Marathon Bet
2026-10-03	Switzerland v Slovenia	1	U4.5	1.12	1xBet	1.12 1xBet|1.09 MyBookie.ag|1.08 LeoVegas (SE)
2026-10-03	Switzerland v Slovenia	3	DNB1	1.14	MyBookie.ag	1.14 MyBookie.ag|1.14 Winamax (FR)|1.14 William Hill
2026-10-03	São Bernardo v Clube de Regatas Brasil	1	O1.0	1.04	Pinnacle	1.04 Pinnacle|1.03 1xBet|1.01 Coolbet
2026-10-03	Universidad de Concepción v Huachipato	1	U4.5	1.11	Coolbet	1.11 Coolbet|1.11 GTbets|1.10 Nordic Bet
2026-10-03	Universidad de Concepción v Huachipato	2	U3.75	1.35	GTbets	1.35 GTbets|1.35 Coolbet|1.35 Nordic Bet
2026-10-03	Walsall v Crawley Town	1	U4.5	1.09	Coolbet	1.09 Coolbet
2026-10-03	Walsall v Crawley Town	2	U3.75	1.32	Coolbet	1.32 Coolbet
2026-10-03	Wigan Athletic v Mansfield Town	1	U4.5	1.12	Coolbet	1.12 Coolbet
2026-10-03	Wigan Athletic v Mansfield Town	2	U3.75	1.38	Coolbet	1.38 Coolbet
2026-10-03	Wimbledon v Stevenage	1	U3.5	1.19	Betsson	1.19 Betsson
2026-10-04	Argentinos Juniors v CA Tigre BA	1	O1.0	1.18	Pinnacle	1.18 Pinnacle|1.16 BetOnline.ag|1.15 BetAnything
2026-10-04	Atlético Huracán v Aldosivi Mar del Plata	1	U3.5	1.17	Unibet (SE)	1.17 Unibet (SE)|1.16 1xBet|1.14 Nordic Bet
2026-10-04	Atlético Huracán v Aldosivi Mar del Plata	2	U2.75	1.55	Unibet (SE)	1.55 Unibet (SE)|1.53 1xBet|1.51 LeoVegas (SE)
2026-10-04	Azerbaijan v Lithuania	1	U3.5	1.15	1xBet	1.15 1xBet|1.12 Betsson|1.12 Nordic Bet
2026-10-04	Azerbaijan v Lithuania	2	U2.75	1.49	1xBet	1.49 1xBet|1.46 Betsson|1.46 Nordic Bet
2026-10-04	CD Castellón v AD Ceuta FC	1	U4.5	1.39	1xBet	1.39 1xBet|1.37 Pinnacle|1.36 Tipico
2026-10-04	CD Castellón v AD Ceuta FC	3	DNB1	1.15	Winamax (DE)	1.15 Winamax (DE)|1.15 Winamax (FR)|1.14 Betclic (FR)
2026-10-04	Girona FC v Mallorca	1	U4.5	1.14	1xBet	1.14 1xBet|1.12 Pinnacle|1.10 Coolbet
2026-10-04	Greece v Germany	1	O1.5	1.34	BetOnline.ag	1.34 BetOnline.ag|1.27 Pinnacle|1.22 1xBet
2026-10-04	Kosovo v Austria	1	O1.5	1.28	1xBet	1.28 1xBet|1.24 Nordic Bet|1.24 Betsson
2026-10-04	Las Palmas v Real Valladolid CF	1	U3.5	1.40	Pinnacle	1.40 Pinnacle|1.31 1xBet|1.26 Coolbet
2026-10-04	Las Palmas v Real Valladolid CF	3	DNB1	1.70	Winamax (FR)	1.70 Winamax (FR)|1.69 BetOnline.ag|1.69 BetAnything
2026-10-04	Malta v Andorra	1	U3.5	1.19	1xBet	1.19 1xBet|1.14 Unibet (SE)|1.14 LeoVegas (SE)
2026-10-04	Malta v Andorra	2	U2.75	1.56	1xBet	1.56 1xBet|1.50 Unibet (SE)|1.50 LeoVegas (SE)
2026-10-04	Malta v Andorra	3	DNB1	1.31	Nordic Bet	1.31 Nordic Bet|1.31 Betsson|1.30 MyBookie.ag
2026-10-04	Netherlands v Serbia	1	O1.5	1.11	1xBet	1.11 1xBet|1.10 Pinnacle|1.09 BetOnline.ag
2026-10-04	Netherlands v Serbia	3	DNB1	1.09	Winamax (FR)	1.09 Winamax (FR)|1.09 888sport|1.09 William Hill
2026-10-04	Portugal v Norway	1	O1.5	1.14	1xBet	1.14 1xBet|1.12 Unibet (SE)|1.12 LeoVegas (SE)
2026-10-04	Real Sociedad B v Granada CF	1	U3.5	1.34	1xBet	1.34 1xBet|1.32 Pinnacle|1.28 BetOnline.ag
2026-10-04	Republic of Ireland v Israel	1	O1.5	1.37	1xBet	1.37 1xBet|1.31 William Hill|1.29 Unibet (SE)
2026-10-04	Sarmiento de Junin v River Plate	1	O1.0	1.04	Pinnacle	1.04 Pinnacle
2026-10-04	Sarmiento de Junin v River Plate	2	O1.75	1.33	Pinnacle	1.33 Pinnacle
2026-10-04	Sarmiento de Junin v River Plate	3	12	1.29	Pinnacle	1.29 Pinnacle
2026-10-04	Sporting Gijón v Celta Fortuna	1	U3.5	1.43	1xBet	1.43 1xBet|1.37 Tipico|1.36 Coolbet
2026-10-04	Sporting Gijón v Celta Fortuna	3	DNB1	1.31	William Hill	1.31 William Hill|1.31 LeoVegas (SE)|1.30 Unibet (SE)
2026-10-04	Talleres v Belgrano de Cordoba	1	O1.0	1.17	Pinnacle	1.17 Pinnacle|1.16 BetOnline.ag|1.15 BetAnything
2026-10-04	Wales v Denmark	1	O1.5	1.31	Pinnacle	1.31 Pinnacle|1.25 1xBet|1.24 BetOnline.ag
2026-10-05	Bosnia-Herzegovina v Poland	1	O1.5	1.31	1xBet	1.31 1xBet|1.28 LeoVegas (SE)|1.28 Unibet (SE)
2026-10-05	Bosnia-Herzegovina v Poland	2	O2.25	1.98	1xBet	1.98 1xBet|1.94 LeoVegas (SE)|1.94 Unibet (SE)
2026-10-05	Córdoba v Tenerife	1	U3.5	1.37	1xBet	1.37 1xBet|1.34 Pinnacle|1.33 Coolbet
2026-10-05	Córdoba v Tenerife	3	DNB1	1.58	LeoVegas (SE)	1.58 LeoVegas (SE)|1.57 Unibet (SE)|1.57 Unibet (NL)
2026-10-05	Deportivo Riestra v Central Córdoba	1	U3.5	1.12	1xBet	1.12 1xBet|1.10 Unibet (SE)|1.08 Codere (IT)
2026-10-05	Deportivo Riestra v Central Córdoba	2	U2.75	1.44	1xBet	1.44 1xBet|1.40 Unibet (SE)|1.38 Codere (IT)
2026-10-05	Estudiantes de Río Cuarto v Racing Club	1	U3.5	1.12	Nordic Bet	1.12 Nordic Bet|1.12 Betsson|1.11 1xBet
2026-10-05	France v Belgium	1	O1.5	1.23	BetOnline.ag	1.23 BetOnline.ag|1.15 1xBet|1.12 Nordic Bet
2026-10-05	France v Belgium	2	O2.25	1.75	BetOnline.ag	1.75 BetOnline.ag|1.51 1xBet|1.47 Nordic Bet
2026-10-05	Italy v Türkiye	1	O1.5	1.24	BetOnline.ag	1.24 BetOnline.ag|1.15 1xBet|1.13 Betsson
2026-10-05	Northern Ireland v Georgia	1	U4.5	1.06	1xBet	1.06 1xBet|1.02 Unibet (SE)|1.02 LeoVegas (SE)
2026-10-05	Northern Ireland v Georgia	2	U3.75	1.21	1xBet	1.21 1xBet|1.17 Unibet (SE)|1.17 LeoVegas (SE)
2026-10-05	Romania v Sweden	1	O1.5	1.22	1xBet	1.22 1xBet|1.16 MyBookie.ag|1.16 William Hill
2026-10-05	Ukraine v Hungary	1	U4.5	1.08	1xBet	1.08 1xBet|1.06 Unibet (SE)|1.06 LeoVegas (SE)
2026-10-06	Banfield v Rosario Central	1	O1.0	1.11	BetAnything	1.11 BetAnything|1.10 BetOnline.ag|1.05 1xBet
2026-10-06	Croatia v Spain	1	O1.5	1.17	1xBet	1.17 1xBet|1.14 William Hill|1.12 Unibet (SE)
2026-10-06	Croatia v Spain	2	O2.25	1.55	1xBet	1.55 1xBet|1.53 William Hill|1.49 MyBookie.ag
2026-10-06	England v Czechia	1	O1.5	1.16	1xBet	1.16 1xBet|1.12 William Hill|1.11 Unibet (SE)
2026-10-06	England v Czechia	3	DNB1	1.11	Winamax (FR)	1.11 Winamax (FR)|1.10 Winamax (DE)|1.09 William Hill
2026-10-06	Estudiantes v Gimnasia Mendoza	1	O1.0	1.04	BetAnything	1.04 BetAnything|1.04 1xBet|1.03 Betsson
2026-10-06	Estudiantes v Gimnasia Mendoza	2	O1.75	1.37	BetAnything	1.37 BetAnything|1.36 1xBet|1.36 Betsson
2026-10-06	Velez Sarsfield BA v Platense	1	U3.5	1.09	Unibet (SE)	1.09 Unibet (SE)|1.09 Betsson|1.09 Nordic Bet
2026-10-06	Velez Sarsfield BA v Platense	2	U2.75	1.39	Unibet (SE)	1.39 Unibet (SE)|1.37 Betsson|1.37 Nordic Bet
2026-10-06	Velez Sarsfield BA v Platense	3	DNB1	1.44	Winamax (FR)	1.44 Winamax (FR)|1.44 Winamax (DE)|1.43 LeoVegas (SE)
2026-10-07	Chicago Fire v Vancouver Whitecaps FC	1	O1.5	1.19	Coolbet	1.19 Coolbet|1.13 1xBet|1.10 William Hill
2026-10-07	Goiás v Athletic Club (MG)	1	O1.0	1.12	Coolbet	1.12 Coolbet|1.04 1xBet|1.03 Pinnacle
2026-10-07	Ponte Preta v Juventude	1	U3.5	1.35	1xBet	1.35 1xBet|1.34 Coolbet|1.33 Nordic Bet
2026-10-07	Sport Recife v São Bernardo	1	O1.0	1.03	Pinnacle	1.03 Pinnacle|1.02 1xBet
2026-10-07	Sport Recife v São Bernardo	2	O1.75	1.28	Pinnacle	1.28 Pinnacle|1.27 Nordic Bet|1.27 Coolbet
2026-10-08	América Mineiro v Fortaleza	1	U3.5	1.36	Pinnacle	1.36 Pinnacle|1.30 BetOnline.ag|1.27 1xBet
2026-10-08	Avai v Londrina	1	U3.5	1.30	Pinnacle	1.30 Pinnacle|1.26 BetOnline.ag|1.23 1xBet
2026-10-08	Avai v Londrina	2	U2.75	1.85	Pinnacle	1.85 Pinnacle|1.80 BetOnline.ag|1.70 1xBet
2026-10-08	Botafogo v Vasco da Gama	1	U3.5	1.38	1xBet	1.38 1xBet|1.36 BetOnline.ag|1.35 Coolbet
2026-10-08	Botafogo v Vasco da Gama	3	DNB1	2.18	Unibet (FR)	2.18 Unibet (FR)|2.14 Betclic (FR)|2.13 Winamax (FR)
2026-10-08	Bragantino-SP v Mirassol	1	U3.5	1.37	Pinnacle	1.37 Pinnacle|1.37 1xBet|1.35 Nordic Bet
2026-10-08	Bragantino-SP v Mirassol	3	DNB1	1.44	Winamax (FR)	1.44 Winamax (FR)|1.44 888sport|1.44 William Hill
2026-10-08	Clube de Regatas Brasil v Atletico Goianiense	1	O1.0	1.03	Pinnacle	1.03 Pinnacle|1.02 1xBet|1.01 Coolbet
2026-10-08	Clube de Regatas Brasil v Atletico Goianiense	2	O1.75	1.32	Pinnacle	1.32 Pinnacle|1.29 William Hill|1.29 1xBet
2026-10-08	Cruzeiro v Sao Paulo	1	U4.5	1.09	1xBet	1.09 1xBet|1.09 Pinnacle|1.08 Coolbet
2026-10-08	Cruzeiro v Sao Paulo	2	O1.75	1.31	1xBet	1.31 1xBet|1.31 Pinnacle|1.29 William Hill
2026-10-08	Cruzeiro v Sao Paulo	3	DNB1	1.50	Winamax (FR)	1.50 Winamax (FR)|1.50 Winamax (DE)|1.48 Betclic (FR)
2026-10-08	Internacional v Corinthians	1	U3.5	1.34	Pinnacle	1.34 Pinnacle|1.24 1xBet|1.23 Nordic Bet
2026-10-08	Internacional v Corinthians	2	U2.75	1.95	Pinnacle	1.95 Pinnacle|1.71 1xBet|1.70 Nordic Bet
2026-10-08	Operario PR v Botafogo-SP	1	O1.0	1.03	1xBet	1.03 1xBet|1.02 William Hill|1.02 Coolbet
2026-10-08	Operario PR v Botafogo-SP	3	DNB1	1.50	BetOnline.ag	1.50 BetOnline.ag|1.49 888sport|1.49 William Hill
2026-10-08	Remo v Grêmio	1	U3.5	1.34	1xBet	1.34 1xBet|1.34 Pinnacle|1.32 Unibet (SE)
2026-10-08	Remo v Grêmio	2	U2.75	1.93	Pinnacle	1.93 Pinnacle|1.93 1xBet|1.92 Unibet (SE)
2026-10-08	Remo v Grêmio	3	DNB1	1.73	888sport	1.73 888sport|1.73 William Hill|1.73 Betsson
2026-10-08	Shamrock Rovers v Drogheda United	1	U4.5	1.14	1xBet	1.14 1xBet|1.14 Coolbet|1.12 Tipico
2026-10-08	Shamrock Rovers v Drogheda United	3	DNB1	1.23	Winamax (FR)	1.23 Winamax (FR)|1.22 Winamax (DE)|1.21 LeoVegas (SE)
2026-10-08	Vila Nova v Cuiabá	1	O1.0	1.15	Coolbet	1.15 Coolbet|1.12 BetOnline.ag|1.05 1xBet
2026-10-08	Vila Nova v Cuiabá	2	O1.75	1.85	Coolbet	1.85 Coolbet|1.82 BetOnline.ag|1.48 Codere (IT)
2026-10-08	Vila Nova v Cuiabá	3	DNB1	1.57	LeoVegas (SE)	1.57 LeoVegas (SE)|1.56 Unibet (SE)|1.56 Unibet (NL)
2026-10-08	Vitoria v Chapecoense	1	U3.5	1.35	1xBet	1.35 1xBet|1.35 Pinnacle|1.33 Coolbet
2026-10-08	Vitoria v Chapecoense	2	U2.75	1.96	1xBet	1.96 1xBet|1.96 Pinnacle|1.93 Coolbet
2026-10-09	1. FC Heidenheim v 1. FC Kaiserslautern	1	U4.5	1.19	LeoVegas (SE)	1.19 LeoVegas (SE)|1.19 Unibet (NL)|1.19 Unibet (SE)
2026-10-09	1. FC Heidenheim v 1. FC Kaiserslautern	3	DNB1	1.55	LeoVegas (SE)	1.55 LeoVegas (SE)|1.55 Unibet (NL)|1.55 Unibet (SE)
2026-10-09	Al-Fateh v Al-Ahli	1	O1.5	1.09	Unibet (SE)	1.09 Unibet (SE)|1.09 Unibet (NL)|1.09 Pinnacle
2026-10-09	Al-Kholood v Al-Qadsiah	1	O1.5	1.14	Unibet (SE)	1.14 Unibet (SE)|1.14 Unibet (NL)|1.11 LeoVegas (SE)
2026-10-09	Al-Nassr v Diriyah Club	1	O1.5	1.10	1xBet	1.10 1xBet|1.09 Unibet (SE)|1.09 Unibet (NL)
2026-10-09	Al-Nassr v Diriyah Club	2	O2.25	1.42	1xBet	1.42 1xBet|1.39 Unibet (SE)|1.39 Unibet (NL)
2026-10-09	Aldosivi Mar del Plata v Sarmiento de Junin	1	O1.0	1.06	1xBet	1.06 1xBet|1.06 Unibet (SE)|1.05 Nordic Bet
2026-10-09	Aldosivi Mar del Plata v Sarmiento de Junin	3	12	1.39	1xBet	1.39 1xBet|1.36 Unibet (SE)|1.36 Nordic Bet
2026-10-09	Atletico Paranaense v Atletico Mineiro	1	U4.5	1.08	Pinnacle	1.08 Pinnacle|1.08 1xBet|1.07 Coolbet
2026-10-09	Atletico Paranaense v Atletico Mineiro	2	O1.75	1.33	1xBet	1.33 1xBet|1.32 Pinnacle|1.32 Unibet (NL)
2026-10-09	Avellino v Sampdoria	1	U3.5	1.29	1xBet	1.29 1xBet|1.29 Pinnacle|1.28 Tipico
2026-10-09	Avellino v Sampdoria	3	DNB1	2.16	Unibet (FR)	2.16 Unibet (FR)|2.08 Betclic (FR)|2.08 Coolbet
2026-10-09	Borussia Dortmund v Werder Bremen	1	U4.5	1.39	1xBet	1.39 1xBet|1.36 Coolbet|1.35 Pinnacle
2026-10-09	Borussia Dortmund v Werder Bremen	3	DNB1	1.21	Winamax (FR)	1.21 Winamax (FR)|1.21 Suprabets|1.21 Winamax (DE)
2026-10-09	Ceará v Criciuma	1	U3.5	1.18	1xBet	1.18 1xBet|1.17 William Hill|1.16 Nordic Bet
2026-10-09	Ceará v Criciuma	2	U2.75	1.58	1xBet	1.58 1xBet|1.57 William Hill|1.55 Nordic Bet
2026-10-09	Ceará v Criciuma	3	DNB1	1.83	Unibet (SE)	1.83 Unibet (SE)|1.83 Unibet (NL)|1.82 LeoVegas (SE)
2026-10-09	Derry City v St Patricks Athletic	1	U4.5	1.05	Betsson	1.05 Betsson|1.05 Nordic Bet|1.04 Unibet (SE)
2026-10-09	Eintracht Braunschweig v Holstein Kiel	1	U4.5	1.22	Tipico	1.22 Tipico|1.21 1xBet|1.18 Codere (IT)
2026-10-09	Eintracht Braunschweig v Holstein Kiel	2	U3.75	1.60	Tipico	1.60 Tipico|1.57 1xBet|1.54 Codere (IT)
2026-10-09	FC Nordsjaelland v OB Odense BK	1	U4.5	1.42	Pinnacle	1.42 Pinnacle|1.31 Unibet (SE)|1.31 Unibet (NL)
2026-10-09	FC Nordsjaelland v OB Odense BK	2	U3.75	1.99	Pinnacle	1.99 Pinnacle|1.78 Unibet (SE)|1.78 Unibet (NL)
2026-10-09	FC Nordsjaelland v OB Odense BK	3	DNB1	1.31	888sport	1.31 888sport|1.30 William Hill|1.30 Winamax (FR)
2026-10-09	FK Rostov v FC Akron Tolyatti	1	U4.5	1.13	1xBet	1.13 1xBet|1.10 Pinnacle
2026-10-09	FK Rostov v FC Akron Tolyatti	3	DNB1	1.42	Pinnacle	1.42 Pinnacle|1.41 1xBet
2026-10-09	Fluminense v Coritiba	1	U3.5	1.34	1xBet	1.34 1xBet|1.34 Pinnacle|1.33 GTbets
2026-10-09	Fluminense v Coritiba	3	DNB1	1.27	LeoVegas (SE)	1.27 LeoVegas (SE)|1.26 Winamax (FR)|1.26 Winamax (DE)
2026-10-09	Galatasaray v Kasimpasa SK	1	U4.5	1.40	Pinnacle	1.40 Pinnacle|1.32 1xBet|1.29 Tipico
2026-10-09	Galatasaray v Kasimpasa SK	3	DNB1	1.16	Winamax (FR)	1.16 Winamax (FR)|1.15 Winamax (DE)|1.13 Betclic (FR)
2026-10-09	Gimnasia La Plata v Atlético Tucuman	1	U3.5	1.19	Unibet (SE)	1.19 Unibet (SE)|1.16 1xBet|1.16 LeoVegas (SE)
2026-10-09	IFK Goteborg v Västerås SK	1	O1.5	1.33	Coolbet	1.33 Coolbet|1.30 Pinnacle|1.27 BetOnline.ag
2026-10-09	Kashima Antlers v Gamba Osaka	1	U4.5	1.19	1xBet	1.19 1xBet|1.16 William Hill|1.15 Nordic Bet
2026-10-09	Kashima Antlers v Gamba Osaka	3	12	1.27	1xBet	1.27 1xBet|1.26 Pinnacle|1.26 BetOnline.ag
2026-10-09	Kashiwa Reysol v Vissel Kobe	1	U4.5	1.11	Pinnacle	1.11 Pinnacle|1.11 Coolbet|1.11 1xBet
2026-10-09	Kashiwa Reysol v Vissel Kobe	2	O1.75	1.27	Pinnacle	1.27 Pinnacle|1.27 1xBet|1.26 Coolbet
2026-10-09	Montpellier v Grenoble	1	U4.5	1.08	Pinnacle	1.08 Pinnacle|1.06 1xBet|1.05 William Hill
2026-10-09	Montpellier v Grenoble	3	DNB1	1.34	Winamax (FR)	1.34 Winamax (FR)|1.34 Winamax (DE)|1.33 Codere (IT)
2026-10-09	Moreirense FC v Gil Vicente	1	U3.5	1.28	Pinnacle	1.28 Pinnacle|1.19 GTbets|1.18 Tipico
2026-10-09	Moreirense FC v Gil Vicente	2	U2.75	1.79	Pinnacle	1.79 Pinnacle|1.60 GTbets|1.60 Tipico
2026-10-09	Moreirense FC v Gil Vicente	3	1X	1.67	Pinnacle	1.67 Pinnacle|1.65 Marathon Bet|1.65 GTbets
2026-10-09	Málaga v Espanyol	1	U3.5	1.40	Pinnacle	1.40 Pinnacle|1.31 1xBet|1.30 Coolbet
2026-10-09	Málaga v Espanyol	2	U2.75	2.07	Pinnacle	2.07 Pinnacle|1.84 1xBet|1.83 Coolbet
2026-10-09	Nancy v Guingamp	1	U4.5	1.11	1xBet	1.11 1xBet|1.10 Tipico|1.10 Betsson
2026-10-09	Nancy v Guingamp	3	12	1.30	Pinnacle	1.30 Pinnacle|1.28 Betsson|1.28 Nordic Bet
2026-10-09	Nautico PE v Grêmio Novorizontino	1	O1.0	1.02	Pinnacle	1.02 Pinnacle|1.01 1xBet
2026-10-09	Nautico PE v Grêmio Novorizontino	2	O1.75	1.26	Coolbet	1.26 Coolbet|1.25 Pinnacle|1.24 1xBet
2026-10-09	Nautico PE v Grêmio Novorizontino	3	12	1.32	Pinnacle	1.32 Pinnacle|1.29 BetOnline.ag|1.29 Unibet (NL)
2026-10-09	PSV Eindhoven v Heerenveen	1	O1.5	1.02	1xBet	1.02 1xBet|1.02 Nordic Bet
2026-10-09	PSV Eindhoven v Heerenveen	3	12	1.12	Nordic Bet	1.12 Nordic Bet|1.11 Betsson|1.11 Unibet (NL)
2026-10-09	Palmeiras v Bahia	1	U3.5	1.46	1xBet	1.46 1xBet|1.44 Unibet (NL)|1.44 Unibet (SE)
2026-10-09	Pau FC v Stade Lavallois	1	U4.5	1.10	Pinnacle	1.10 Pinnacle|1.07 1xBet|1.06 Betsson
2026-10-09	Pau FC v Stade Lavallois	2	U3.75	1.32	Pinnacle	1.32 Pinnacle|1.28 1xBet|1.27 Tipico
2026-10-09	RC Lens v Lyon	1	O1.5	1.29	Coolbet	1.29 Coolbet|1.28 Pinnacle|1.18 1xBet
2026-10-09	Raków Częstochowa v GKS Katowice	1	U4.5	1.21	1xBet	1.21 1xBet|1.19 Tipico|1.18 Nordic Bet
2026-10-09	Raków Częstochowa v GKS Katowice	3	12	1.27	Unibet (SE)	1.27 Unibet (SE)|1.27 Unibet (NL)|1.26 Coolbet
2026-10-09	SK Beveren v Lommel SK	1	U4.5	1.17	1xBet	1.17 1xBet|1.15 Nordic Bet|1.15 Betsson
2026-10-09	SK Beveren v Lommel SK	2	U3.75	1.46	1xBet	1.46 1xBet|1.45 Nordic Bet|1.45 Betsson
2026-10-09	SK Brann v Viking FK	1	O1.5	1.11	Coolbet	1.11 Coolbet|1.11 Nordic Bet|1.11 Betsson
2026-10-09	Santos v Flamengo	1	O1.5	1.30	Pinnacle	1.30 Pinnacle|1.25 1xBet|1.23 Unibet (NL)
2026-10-09	Santos v Flamengo	3	12	1.29	1xBet	1.29 1xBet|1.27 Coolbet|1.27 Pinnacle
2026-10-09	Shelbourne Dublin v Sligo Rovers	1	U3.5	1.46	1xBet	1.46 1xBet|1.43 Nordic Bet|1.43 Betsson
2026-10-09	Shelbourne Dublin v Sligo Rovers	3	DNB1	1.22	Winamax (DE)	1.22 Winamax (DE)|1.22 Winamax (FR)|1.21 LeoVegas (SE)
2026-10-09	Shenzhen Peng City FC v Henan FC	1	U4.5	1.14	GTbets	1.14 GTbets|1.13 Nordic Bet|1.13 Betsson
2026-10-09	Sochaux v Boulogne	1	U3.5	1.27	Pinnacle	1.27 Pinnacle|1.25 BetOnline.ag|1.18 William Hill
2026-10-09	Sochaux v Boulogne	2	U2.75	1.79	Pinnacle	1.79 Pinnacle|1.76 BetOnline.ag|1.60 William Hill
2026-10-09	Sochaux v Boulogne	3	DNB1	1.71	Suprabets	1.71 Suprabets|1.70 888sport|1.70 William Hill
2026-10-09	USL Dunkerque v Annecy FC	1	U4.5	1.10	1xBet	1.10 1xBet|1.09 Tipico|1.08 Betsson
2026-10-09	USL Dunkerque v Annecy FC	3	12	1.30	Pinnacle	1.30 Pinnacle|1.29 BetOnline.ag|1.28 Betsson
2026-10-09	Waterford FC v Galway United	1	U4.5	1.17	Betsson	1.17 Betsson|1.17 Nordic Bet|1.14 Unibet (SE)
2026-10-09	Waterford FC v Galway United	3	DNB1	1.71	Winamax (FR)	1.71 Winamax (FR)|1.71 Winamax (DE)|1.70 Betsson
2026-10-09	West Ham United v Queens Park Rangers	1	O1.5	1.29	Pinnacle	1.29 Pinnacle|1.26 Coolbet|1.16 Betsson
2026-10-09	West Ham United v Queens Park Rangers	3	DNB1	1.33	Winamax (FR)	1.33 Winamax (FR)|1.31 Winamax (DE)|1.31 William Hill
2026-10-09	Wieczysta Kraków v Wisła Płock	1	U4.5	1.13	Unibet (SE)	1.13 Unibet (SE)|1.13 Unibet (NL)|1.13 1xBet
2026-10-09	Wieczysta Kraków v Wisła Płock	2	U3.75	1.43	Unibet (SE)	1.43 Unibet (SE)|1.43 Unibet (NL)|1.41 Nordic Bet
2026-10-09	Wieczysta Kraków v Wisła Płock	3	12	1.29	Pinnacle	1.29 Pinnacle|1.28 Unibet (SE)|1.28 Unibet (NL)
2026-10-09	Zhejiang v Shanghai SIPG FC	1	U4.5	1.38	GTbets	1.38 GTbets|1.37 Pinnacle|1.35 Coolbet
2026-10-09	Zhejiang v Shanghai SIPG FC	2	U3.75	1.93	GTbets	1.93 GTbets|1.89 Pinnacle|1.87 Coolbet
2026-10-10	Avispa Fukuoka v Fagiano Okayama	1	U4.5	1.08	Pinnacle	1.08 Pinnacle|1.05 BetOnline.ag|1.04 1xBet
2026-10-10	Avispa Fukuoka v Fagiano Okayama	2	O1.75	1.80	Coolbet	1.80 Coolbet|1.43 1xBet|1.39 William Hill
2026-10-10	Cerezo Osaka v Yokohama F Marinos	1	U4.5	1.16	1xBet	1.16 1xBet|1.12 Nordic Bet|1.12 Betsson
2026-10-10	FC Tokyo v Urawa Red Diamonds	1	U4.5	1.18	1xBet	1.18 1xBet|1.14 Betsson|1.14 Nordic Bet
2026-10-10	FC Tokyo v Urawa Red Diamonds	3	12	1.24	Coolbet	1.24 Coolbet|1.24 1xBet|1.23 Pinnacle
2026-10-10	Gazovik Orenburg v FC Dynamo Makhachkala	1	U4.5	1.13	Pinnacle	1.13 Pinnacle|1.11 1xBet
2026-10-10	Gazovik Orenburg v FC Dynamo Makhachkala	2	U3.75	1.39	Pinnacle	1.39 Pinnacle|1.31 1xBet
2026-10-10	Instituto de Córdoba v Boca Juniors	1	O1.0	1.21	Pinnacle	1.21 Pinnacle|1.09 1xBet|1.08 Unibet (SE)
2026-10-10	Instituto de Córdoba v Boca Juniors	2	O1.75	2.03	Pinnacle	2.03 Pinnacle|1.55 Unibet (SE)|1.55 1xBet
2026-10-10	Puebla v León	1	U4.5	1.10	Pinnacle	1.10 Pinnacle|1.10 Coolbet|1.08 Unibet (SE)
2026-10-10	Tigres v Toluca	1	U4.5	1.12	Betsson	1.12 Betsson|1.12 Nordic Bet|1.12 1xBet
2026-10-10	Union Santa Fe v Defensa y Justicia	1	O1.0	1.04	1xBet	1.04 1xBet|1.03 Nordic Bet|1.03 Betsson
2026-10-10	Union Santa Fe v Defensa y Justicia	3	DNB1	1.70	Winamax (DE)	1.70 Winamax (DE)|1.70 Winamax (FR)|1.68 Codere (IT)
2026-10-10	Universidad de Chile v Ñublense	1	O1.5	1.26	Pinnacle	1.26 Pinnacle|1.24 Nordic Bet|1.23 Betsson
2026-10-10	Universidad de Chile v Ñublense	3	DNB1	1.28	Pinnacle	1.28 Pinnacle|1.26 Marathon Bet|1.25 1xBet
