# The live-safety bands, MEASURED on the bank, red cards out; written by
# scripts/livebands.py every two days (the bank-refresh workflow) and read
# by scripts/webapp.py and scripts/bankrates.py for the live tag. The tag
# reads the league's own row where it has 50 cards or more (source
# 'league'), else the whole bank's row (league '*', source 'global'), else
# the seed. A league row under the floor is written as 'thin' and not read.
# A PRICED play never reads the whole bank's row: its league's own band,
# else the league's pooled priced row (band 'all', source 'pooled') at
# 50 cards, else 'cautious' until the league has that record.
# Between a league's own rows and those fallbacks sits the FAMILY row:
# every INT-* code pooled under league 'INT' (source 'family'), read only
# where the league's own row is thin, at the same floor.
# Thresholds: safe >= 79, cautious >= 77, else unsafe.
# written	2026-10-05
# The 'flip' rows: priced plays with that tag that also print that lane,
# paired on the board's last 21 days — n cards where tip 1 graded and
# that lane won or lost (a push on the lane is no bet), hit = THAT lane,
# said = tip 1 on the same cards; flipped when the lane beats tip 1 by 5.
# The 'combo' rows: a lane and its strikes (webapp.strikes) on the board's
# settled cards, red out; 'decline' under 77% on 15+ cards, else
# 'keep', the seed under the floor. A declined combo files under Declined.
# league	lane	band	n	hit	said	label	source
*	athena	+1 up	14506	83.5	82.7	safe	global
*	athena	−1..+1	7017	83.8	83.3	safe	global
*	athena	−4..−1	3639	86.1	84.4	safe	global
*	athena	−4 down	3342	88.5	83.5	safe	global
*	watch	+1 up	1148	82.7	82.2	safe	global
*	watch	−1..+1	474	85.7	81.5	safe	global
*	watch	−4..−1	285	86.3	84.5	safe	global
*	watch	−4 down	239	80.8	84.0	safe	global
*	priced	+1 up	776	74.4	81.3	unsafe	global
*	priced	−1..+1	316	74.4	79.7	unsafe	global
*	priced	−4..−1	143	75.5	83.8	unsafe	global
*	priced	−4 down	100	71.0	84.1	unsafe	global
ALG-L1	athena	+1 up	88	86.4	85.4	safe	league
ALG-L1	athena	−1..+1	14	92.9	82.6	safe	thin
ALG-L1	athena	−4..−1	44	97.7	89.2	safe	thin
ALG-L1	athena	−4 down	13	84.6	89.2	safe	thin
ARG-CLP	athena	+1 up	228	84.2	82.1	safe	league
ARG-CLP	athena	−1..+1	85	89.4	84.3	safe	league
ARG-CLP	athena	−4..−1	79	91.1	88.8	safe	league
ARG-PD	athena	+1 up	528	88.1	87.9	safe	league
ARG-PD	athena	−1..+1	208	88.0	86.6	safe	league
ARG-PD	athena	−4..−1	11	90.9	86.1	safe	thin
AUT-BL	athena	+1 up	175	79.4	79.9	safe	league
AUT-BL	athena	−1..+1	17	94.1	76.8	safe	thin
AUT-BL	athena	−4..−1	140	86.4	82.7	safe	league
AUT-BL	athena	−4 down	8	100.0	82.6	safe	thin
BEL-PL	athena	+1 up	168	86.9	81.5	safe	league
BEL-PL	athena	−1..+1	141	89.4	82.9	safe	league
BEL-PL	athena	−4..−1	6	50.0	76.0	safe	thin
BEL-PL	watch	+1 up	90	90.0	83.6	safe	league
BEL-PL	watch	−1..+1	73	87.7	83.0	safe	league
BEL-PL	watch	−4..−1	5	100.0	76.3	safe	thin
BEL-PL	priced	+1 up	70	75.7	82.7	unsafe	league
BEL-PL	priced	−1..+1	34	73.5	81.6	unsafe	thin
BEL-PL	priced	−4..−1	4	75.0	76.3	unsafe	thin
BEL-PL	priced	all	108	75.0	82.1	unsafe	pooled
BRA-SA	athena	+1 up	375	76.8	79.3	unsafe	league
BRA-SA	athena	−1..+1	53	83.0	77.4	safe	league
BRA-SA	athena	−4 down	270	88.1	82.8	safe	league
BRA-SB	athena	+1 up	184	82.1	84.8	safe	league
BRA-SB	athena	−1..+1	576	88.9	87.1	safe	league
BRA-SB	athena	−4..−1	5	60.0	87.2	safe	thin
CHI-PD	athena	+1 up	103	84.5	83.3	safe	league
CHI-PD	athena	−1..+1	287	85.7	86.6	safe	league
CHI-PD	athena	−4..−1	62	79.0	84.8	safe	league
CHN-SL	athena	+1 up	350	83.4	83.1	safe	league
CHN-SL	athena	−1..+1	109	78.9	81.6	cautious	league
CHN-SL	athena	−4..−1	2	50.0	77.5	safe	thin
COL-PA	athena	−1..+1	387	76.5	80.6	unsafe	league
COL-PA	athena	−4 down	408	90.7	85.9	safe	league
CRO-1L	athena	+1 up	2	50.0	81.2	safe	thin
CRO-1L	athena	−1..+1	131	87.8	85.5	safe	league
CRO-1L	athena	−4..−1	136	89.0	86.4	safe	league
CRO-1L	athena	−4 down	16	87.5	82.8	safe	thin
CZE-FL	athena	+1 up	270	85.2	85.5	safe	league
CZE-FL	athena	−1..+1	167	84.4	85.9	safe	league
CZE-FL	athena	−4..−1	87	82.8	83.3	safe	league
CZE-FL	athena	−4 down	20	95.0	81.7	safe	thin
DEN-SL	athena	+1 up	453	81.9	83.6	safe	league
DEN-SL	athena	−1..+1	104	87.5	81.0	safe	league
DEN-SL	athena	−4..−1	5	60.0	78.4	safe	thin
EGY-PL	athena	+1 up	234	82.5	82.2	safe	league
EGY-PL	athena	−1..+1	27	70.4	79.2	safe	thin
EGY-PL	athena	−4..−1	2	100.0	84.5	safe	thin
EGY-PL	athena	−4 down	144	86.8	84.4	safe	league
ENG-CH	athena	+1 up	317	79.5	78.4	safe	league
ENG-CH	athena	−1..+1	2	100.0	76.0	safe	thin
ENG-CH	athena	−4 down	170	94.1	83.6	safe	league
ENG-CH	watch	+1 up	84	78.6	78.3	cautious	league
ENG-CH	watch	−1..+1	2	100.0	72.9	safe	thin
ENG-CH	watch	−4 down	51	84.3	83.6	safe	league
ENG-CH	priced	+1 up	38	86.8	79.4	unsafe	thin
ENG-CH	priced	−1..+1	2	50.0	72.4	unsafe	thin
ENG-CH	priced	−4 down	13	76.9	83.5	unsafe	thin
ENG-CH	priced	all	53	83.0	80.1	safe	pooled
ENG-L1	athena	+1 up	339	79.6	77.7	safe	league
ENG-L1	athena	−1..+1	9	77.8	73.3	safe	thin
ENG-L1	athena	−4 down	300	86.0	83.1	safe	league
ENG-L2	athena	+1 up	360	86.9	86.9	safe	league
ENG-L2	athena	−1..+1	280	88.2	87.2	safe	league
ENG-L2	athena	−4..−1	158	90.5	85.2	safe	league
ENG-NL	athena	+1 up	581	85.4	82.9	safe	league
ENG-NL	athena	−1..+1	162	84.6	81.3	safe	league
ENG-NL	athena	−4..−1	5	60.0	76.1	safe	thin
ENG-PL	athena	+1 up	282	87.2	84.3	safe	league
ENG-PL	athena	−1..+1	56	89.3	81.4	safe	league
ENG-PL	athena	−4..−1	6	33.3	78.9	safe	thin
ENG-PL	watch	+1 up	175	82.9	83.7	safe	league
ENG-PL	watch	−1..+1	44	79.5	81.1	safe	thin
ENG-PL	watch	−4..−1	3	100.0	78.5	safe	thin
ENG-PL	priced	+1 up	132	78.0	83.3	cautious	league
ENG-PL	priced	−1..+1	60	75.0	81.1	unsafe	league
ENG-PL	priced	−4..−1	1	0.0	78.4	unsafe	thin
ENG-PL	priced	all	193	76.7	82.6	unsafe	pooled
ESP-L2	athena	+1 up	3	33.3	76.7	safe	thin
ESP-L2	athena	−1..+1	179	77.1	78.0	cautious	league
ESP-L2	athena	−4 down	340	89.7	84.2	safe	league
ESP-L2	watch	+1 up	1	100.0	85.1	safe	thin
ESP-L2	watch	−1..+1	62	83.9	79.1	safe	league
ESP-L2	watch	−4 down	87	78.2	84.3	cautious	league
ESP-L2	priced	+1 up	1	100.0	72.7	unsafe	thin
ESP-L2	priced	−1..+1	48	70.8	77.6	unsafe	thin
ESP-L2	priced	−4 down	50	68.0	84.3	unsafe	league
ESP-L2	priced	all	99	69.7	80.9	unsafe	pooled
ESP-LL	athena	+1 up	384	82.8	79.1	safe	league
ESP-LL	athena	−1..+1	3	100.0	73.6	safe	thin
ESP-LL	athena	−4..−1	142	93.7	84.8	safe	league
ESP-LL	watch	+1 up	52	92.3	78.7	safe	league
ESP-LL	watch	−4..−1	35	82.9	84.8	safe	thin
ESP-LL	priced	+1 up	35	74.3	78.6	unsafe	thin
ESP-LL	priced	−1..+1	4	50.0	73.6	unsafe	thin
ESP-LL	priced	−4..−1	15	73.3	83.2	unsafe	thin
ESP-LL	priced	all	54	72.2	79.5	unsafe	pooled
FIN-VL	athena	+1 up	163	83.4	83.6	safe	league
FIN-VL	athena	−1..+1	139	82.7	83.9	safe	league
FIN-VL	athena	−4..−1	50	86.0	81.9	safe	league
FRA-L1	athena	+1 up	190	81.6	80.7	safe	league
FRA-L1	athena	−1..+1	46	84.8	80.6	safe	thin
FRA-L1	athena	−4..−1	99	89.9	83.3	safe	league
FRA-L1	watch	+1 up	62	82.3	81.1	safe	league
FRA-L1	watch	−1..+1	31	93.5	80.7	safe	thin
FRA-L1	watch	−4..−1	59	79.7	83.3	safe	league
FRA-L1	priced	+1 up	49	67.3	79.7	unsafe	thin
FRA-L1	priced	−1..+1	29	82.8	79.3	unsafe	thin
FRA-L1	priced	−4..−1	25	72.0	83.3	unsafe	thin
FRA-L1	priced	all	103	72.8	80.5	unsafe	pooled
FRA-L2	athena	+1 up	135	74.1	79.9	unsafe	league
FRA-L2	athena	−1..+1	8	75.0	78.3	safe	thin
FRA-L2	athena	−4 down	294	90.8	84.0	safe	league
FRA-L2	watch	+1 up	33	78.8	80.8	safe	thin
FRA-L2	watch	−1..+1	1	100.0	78.5	safe	thin
FRA-L2	watch	−4 down	98	80.6	84.0	safe	league
FRA-L2	priced	+1 up	22	59.1	80.5	unsafe	thin
FRA-L2	priced	−1..+1	1	100.0	78.4	unsafe	thin
FRA-L2	priced	−4 down	37	73.0	84.0	unsafe	thin
FRA-L2	priced	all	60	68.3	82.6	unsafe	pooled
GER-B2	athena	+1 up	208	83.2	83.4	safe	league
GER-B2	athena	−1..+1	101	86.1	81.1	safe	league
GER-B2	athena	−4..−1	7	71.4	78.9	safe	thin
GER-B2	watch	+1 up	173	80.9	83.4	safe	league
GER-B2	watch	−1..+1	61	85.2	81.1	safe	league
GER-B2	watch	−4..−1	1	100.0	79.2	safe	thin
GER-B2	priced	+1 up	54	77.8	83.4	cautious	league
GER-B2	priced	−1..+1	16	81.2	80.9	unsafe	thin
GER-B2	priced	all	70	78.6	82.8	cautious	pooled
GER-BL	athena	+1 up	291	89.0	83.4	safe	league
GER-BL	athena	−1..+1	68	85.3	80.4	safe	league
GER-BL	athena	−4..−1	6	66.7	81.5	safe	thin
GER-BL	watch	+1 up	115	81.7	83.2	safe	league
GER-BL	watch	−1..+1	42	88.1	81.5	safe	thin
GER-BL	watch	−4..−1	1	100.0	80.6	safe	thin
GER-BL	priced	+1 up	72	72.2	83.3	unsafe	league
GER-BL	priced	−1..+1	21	85.7	82.3	unsafe	thin
GER-BL	priced	all	93	75.3	83.0	unsafe	pooled
GRE-SL	athena	+1 up	184	82.1	78.7	safe	league
GRE-SL	athena	−4..−1	3	100.0	72.4	safe	thin
GRE-SL	athena	−4 down	146	91.1	82.1	safe	league
GRE-SL	watch	+1 up	27	74.1	78.2	safe	thin
GRE-SL	priced	+1 up	42	66.7	78.5	unsafe	thin
GRE-SL	priced	−1..+1	5	80.0	73.9	unsafe	thin
GRE-SL	priced	−4..−1	5	80.0	72.7	unsafe	thin
GRE-SL	priced	all	52	69.2	77.5	unsafe	pooled
INT	athena	+1 up	1155	79.6	80.0	safe	family
INT	athena	−1..+1	83	73.5	77.5	unsafe	family
INT	athena	−4..−1	66	84.8	80.9	safe	family
INT	athena	−4 down	179	83.2	79.2	safe	family
INT-AFC	athena	+1 up	90	94.4	84.2	safe	league
INT-CAF	athena	+1 up	226	76.1	81.5	unsafe	league
INT-CAF	athena	−1..+1	20	65.0	79.6	safe	thin
INT-CAF	athena	−4 down	45	84.4	81.8	safe	thin
INT-CONCACAF	athena	+1 up	27	88.9	82.3	safe	thin
INT-CONMEBOL	athena	+1 up	49	79.6	77.1	safe	thin
INT-CONMEBOL	athena	−1..+1	41	80.5	76.7	safe	thin
INT-CONMEBOL	athena	−4 down	12	91.7	76.1	safe	thin
INT-FR	athena	+1 up	503	75.5	78.6	unsafe	league
INT-FR	athena	−1..+1	5	40.0	76.3	safe	thin
INT-FR	athena	−4 down	66	80.3	76.7	safe	league
INT-UEFA	athena	+1 up	260	84.2	80.1	safe	league
INT-UEFA	athena	−1..+1	17	76.5	77.6	safe	thin
INT-UEFA	athena	−4..−1	66	84.8	80.9	safe	league
INT-UEFA	athena	−4 down	56	83.9	80.8	safe	league
IRL-PD	athena	+1 up	1	100.0	73.2	safe	thin
IRL-PD	athena	−1..+1	130	72.3	76.6	unsafe	league
IRL-PD	athena	−4 down	206	89.8	84.8	safe	league
ITA-SA	athena	+1 up	18	94.4	79.8	safe	thin
ITA-SA	athena	−1..+1	19	84.2	75.5	safe	thin
ITA-SA	athena	−4..−1	270	89.6	85.8	safe	league
ITA-SA	athena	−4 down	5	100.0	84.0	safe	thin
ITA-SA	watch	+1 up	1	100.0	83.5	safe	thin
ITA-SA	watch	−1..+1	9	100.0	82.1	safe	thin
ITA-SA	watch	−4..−1	139	88.5	85.9	safe	league
ITA-SA	watch	−4 down	3	100.0	84.0	safe	thin
ITA-SA	priced	+1 up	2	100.0	81.0	unsafe	thin
ITA-SA	priced	−1..+1	28	78.6	74.0	unsafe	thin
ITA-SA	priced	−4..−1	71	78.9	85.9	cautious	league
ITA-SA	priced	all	101	79.2	82.5	safe	pooled
ITA-SB	athena	+1 up	304	80.3	78.5	safe	league
ITA-SB	athena	−1..+1	113	78.8	77.0	cautious	league
ITA-SB	athena	−4..−1	9	44.4	76.2	safe	thin
ITA-SB	watch	+1 up	53	83.0	77.7	safe	league
ITA-SB	watch	−1..+1	12	75.0	76.7	safe	thin
ITA-SB	priced	+1 up	63	79.4	75.7	safe	league
ITA-SB	priced	−1..+1	3	33.3	77.3	unsafe	thin
ITA-SB	priced	all	66	77.3	75.8	cautious	pooled
JPN-J1	athena	+1 up	311	90.4	89.6	safe	league
JPN-J1	athena	−1..+1	260	88.1	88.5	safe	league
JPN-J1	athena	−4..−1	142	87.3	86.3	safe	league
JPN-J1	athena	−4 down	25	72.0	83.4	safe	thin
MAR-BP	athena	+1 up	1	100.0	72.2	safe	thin
MAR-BP	athena	−1..+1	85	80.0	81.4	safe	league
MAR-BP	athena	−4 down	89	94.4	86.0	safe	league
MEX-LMX	athena	+1 up	7	100.0	85.5	safe	thin
MEX-LMX	athena	−1..+1	178	79.2	80.7	safe	league
MEX-LMX	athena	−4..−1	458	81.2	82.9	safe	league
MEX-LMX	athena	−4 down	13	92.3	81.1	safe	thin
MLS	athena	+1 up	124	83.9	81.3	safe	league
MLS	athena	−1..+1	433	79.4	80.4	safe	league
MLS	athena	−4..−1	243	78.6	80.5	cautious	league
NED-D2	athena	+1 up	542	83.8	83.1	safe	league
NED-D2	athena	−1..+1	215	77.2	81.2	cautious	league
NED-D2	athena	−4..−1	11	63.6	79.5	safe	thin
NED-ED	athena	+1 up	299	90.3	84.4	safe	league
NED-ED	athena	−1..+1	51	80.4	81.2	safe	league
NED-ED	athena	−4..−1	2	100.0	79.8	safe	thin
NED-ED	watch	+1 up	107	81.3	84.1	safe	league
NED-ED	watch	−1..+1	33	90.9	81.2	safe	thin
NED-ED	watch	−4..−1	4	50.0	80.3	safe	thin
NED-ED	priced	+1 up	85	80.0	83.3	safe	league
NED-ED	priced	−1..+1	22	72.7	81.5	unsafe	thin
NED-ED	priced	all	107	78.5	82.9	cautious	pooled
NGA-PL	athena	+1 up	287	88.5	86.3	safe	league
NGA-PL	athena	−1..+1	91	90.1	84.9	safe	league
NGA-PL	athena	−4..−1	181	94.5	91.5	safe	league
NGA-PL	athena	−4 down	7	85.7	89.3	safe	thin
NOR-EL	athena	+1 up	367	81.5	84.2	safe	league
NOR-EL	athena	−1..+1	84	82.1	81.2	safe	league
NOR-EL	athena	−4..−1	6	83.3	78.6	safe	thin
PAR-D1	athena	+1 up	39	87.2	84.2	safe	thin
PAR-D1	athena	−1..+1	7	71.4	83.7	safe	thin
PAR-D1	athena	−4..−1	21	95.2	89.4	safe	thin
PAR-D1	athena	−4 down	2	50.0	88.0	safe	thin
PER-L1	athena	+1 up	243	75.3	77.6	unsafe	league
PER-L1	athena	−4 down	256	84.0	81.0	safe	league
POL-EK	athena	+1 up	151	80.1	79.4	safe	league
POL-EK	athena	−1..+1	353	87.8	85.9	safe	league
POL-EK	athena	−4..−1	80	87.5	84.8	safe	league
POR-PL	athena	+1 up	322	83.9	79.9	safe	league
POR-PL	athena	−1..+1	2	100.0	75.1	safe	thin
POR-PL	athena	−4..−1	90	90.0	84.1	safe	league
POR-PL	watch	+1 up	38	71.1	78.5	safe	thin
POR-PL	watch	−1..+1	3	66.7	76.1	safe	thin
POR-PL	watch	−4..−1	23	95.7	84.1	safe	thin
POR-PL	priced	+1 up	44	68.2	78.6	unsafe	thin
POR-PL	priced	−1..+1	1	100.0	76.1	unsafe	thin
POR-PL	priced	−4..−1	12	83.3	82.2	unsafe	thin
POR-PL	priced	all	57	71.9	79.3	unsafe	pooled
ROU-L1	athena	+1 up	207	78.7	80.3	cautious	league
ROU-L1	athena	−1..+1	1	100.0	87.1	safe	thin
ROU-L1	athena	−4..−1	377	88.9	86.8	safe	league
ROU-L1	athena	−4 down	20	90.0	84.5	safe	thin
RSA-PL	athena	+1 up	69	82.6	85.9	safe	league
RSA-PL	athena	−1..+1	14	92.9	86.4	safe	thin
RSA-PL	athena	−4..−1	1	100.0	89.7	safe	thin
RSA-PL	athena	−4 down	57	93.0	89.6	safe	league
RUS-PL	athena	+1 up	160	83.8	80.0	safe	league
RUS-PL	athena	−1..+1	228	85.5	86.8	safe	league
RUS-PL	athena	−4..−1	82	84.1	84.9	safe	league
SAU-PL	athena	+1 up	505	86.3	83.7	safe	league
SAU-PL	athena	−1..+1	111	80.2	81.3	safe	league
SAU-PL	athena	−4..−1	6	83.3	76.5	safe	thin
SCO-CH	athena	+1 up	203	90.6	89.1	safe	league
SCO-CH	athena	−1..+1	98	81.6	87.3	safe	league
SCO-CH	athena	−4..−1	52	88.5	84.9	safe	league
SCO-CH	athena	−4 down	12	91.7	82.0	safe	thin
SCO-L1	athena	+1 up	260	86.5	84.3	safe	league
SCO-L1	athena	−1..+1	93	84.9	81.1	safe	league
SCO-L1	athena	−4..−1	4	100.0	77.8	safe	thin
SCO-L2	athena	+1 up	171	77.2	77.7	cautious	league
SCO-L2	athena	−1..+1	5	80.0	75.3	safe	thin
SCO-L2	athena	−4..−1	15	93.3	81.4	safe	thin
SCO-L2	athena	−4 down	108	88.0	82.7	safe	league
SCO-PL	athena	+1 up	170	84.7	83.1	safe	league
SCO-PL	athena	−1..+1	84	86.9	83.4	safe	league
SCO-PL	watch	+1 up	64	89.1	82.9	safe	league
SCO-PL	watch	−1..+1	69	79.7	83.4	safe	league
SCO-PL	watch	−4..−1	2	100.0	76.4	safe	thin
SCO-PL	priced	+1 up	23	69.6	80.3	unsafe	thin
SCO-PL	priced	−1..+1	27	66.7	80.6	unsafe	thin
SCO-PL	priced	all	50	68.0	80.5	unsafe	pooled
SUI-SL	athena	+1 up	280	81.8	82.3	safe	league
SUI-SL	athena	−1..+1	179	80.4	82.3	safe	league
SUI-SL	athena	−4..−1	5	100.0	77.0	safe	thin
SWE-AL	athena	+1 up	187	79.7	80.4	safe	league
SWE-AL	athena	−1..+1	135	82.2	81.2	safe	league
SWE-AL	athena	−4..−1	116	86.2	83.4	safe	league
TUR-SL	athena	+1 up	260	86.9	84.1	safe	league
TUR-SL	athena	−1..+1	139	91.4	84.0	safe	league
TUR-SL	athena	−4..−1	50	86.0	81.7	safe	league
TUR-SL	watch	+1 up	73	83.6	84.2	safe	league
TUR-SL	watch	−1..+1	32	90.6	84.0	safe	thin
TUR-SL	watch	−4..−1	13	84.6	82.1	safe	thin
TUR-SL	priced	+1 up	44	61.4	84.0	unsafe	thin
TUR-SL	priced	−1..+1	15	66.7	84.0	unsafe	thin
TUR-SL	priced	−4..−1	10	60.0	82.2	unsafe	thin
TUR-SL	priced	all	69	62.3	83.7	unsafe	pooled
UCL	athena	+1 up	100	85.0	83.7	safe	league
UCL	athena	−1..+1	74	74.3	81.6	unsafe	league
UCL	athena	−4..−1	124	83.1	79.0	safe	league
UCL	athena	−4 down	79	82.3	77.7	safe	league
UCL-Q	athena	+1 up	98	81.6	86.0	safe	league
UCL-Q	athena	−1..+1	44	86.4	84.1	safe	thin
UCL-Q	athena	−4..−1	29	86.2	83.2	safe	thin
UCL-Q	athena	−4 down	6	50.0	81.5	safe	thin
UECL	athena	+1 up	206	86.4	85.6	safe	league
UECL	athena	−1..+1	60	85.0	83.4	safe	league
UECL	athena	−4..−1	25	80.0	82.3	safe	thin
UECL	athena	−4 down	2	100.0	80.9	safe	thin
UECL-Q	athena	+1 up	303	88.8	86.7	safe	league
UECL-Q	athena	−1..+1	102	86.3	86.6	safe	league
UECL-Q	athena	−4..−1	60	76.7	84.7	unsafe	league
UECL-Q	athena	−4 down	24	75.0	83.1	safe	thin
UEL	athena	+1 up	212	85.4	85.0	safe	league
UEL	athena	−1..+1	115	86.1	82.7	safe	league
UEL	athena	−4..−1	34	82.4	80.0	safe	thin
UEL-Q	athena	+1 up	80	85.0	87.5	safe	league
UEL-Q	athena	−1..+1	44	86.4	87.9	safe	thin
UEL-Q	athena	−4..−1	23	78.3	86.2	safe	thin
UEL-Q	athena	−4 down	15	80.0	82.9	safe	thin
UKR-PL	athena	+1 up	269	81.4	81.2	safe	league
UKR-PL	athena	−1..+1	28	82.1	77.7	safe	thin
UKR-PL	athena	−4..−1	2	50.0	84.3	safe	thin
UKR-PL	athena	−4 down	108	90.7	84.3	safe	league
flipbank	flip	unsafe tip3	351	76.9	71.8	flipped	bank
flip	flip	unsafe tip3	19	84.2	68.4	flipped	bank
flipbank	flip	unsafe tip2	629	65.5	71.7	hold	bank
flip	flip	unsafe tip2	28	46.4	75.0	hold	bank
flipbank	flip	cautious tip3	118	75.4	71.2	hold	bank
flip	flip	cautious tip3	36	72.2	86.1	hold	bank
flipbank	flip	cautious tip2	250	64.8	78.8	hold	bank
flip	flip	cautious tip2	100	65.0	80.0	hold	board
flipbank	flip	safe tip3	153	81.7	73.9	flipped	bank
flip	flip	safe tip3	5	40.0	60.0	flipped	bank
flipbank	flip	safe tip2	182	73.1	78.0	hold	bank
flip	flip	safe tip2	6	66.7	66.7	hold	bank
combobank	athena	clean	21787	84.6	83.5	keep	bank
combo	athena	clean	471	83.9	83.2	keep	board
combobank	athena	score under 0	4176	83.3	82.2	keep	bank
combo	athena	score under 0	63	76.2	82.3	decline	board
combobank	athena	score under 0 + over lane	2541	81.9	79.7	keep	bank
combo	athena	score under 0 + over lane	30	80.0	82.1	keep	bank
combobank	priced	priced play	654	74.0	82.6	decline	bank
combo	priced	priced play	189	79.9	82.2	keep	board
combobank	priced	score under 0 + priced play	298	73.8	81.9	decline	bank
combo	priced	score under 0 + priced play	79	74.7	80.0	decline	board
combobank	priced	score under 0 + priced play + over lane	383	74.7	78.7	decline	bank
combo	priced	score under 0 + priced play + over lane	49	79.6	81.0	decline	bank
combobank	watch	score under 0 + watch card	505	81.6	82.0	keep	bank
combo	watch	score under 0 + watch card	49	77.6	81.3	keep	bank
combobank	watch	score under 0 + watch card + over lane	380	85.8	80.0	keep	bank
combo	watch	score under 0 + watch card + over lane	20	65.0	80.3	keep	bank
combobank	watch	watch card	1261	83.4	83.4	keep	bank
combo	watch	watch card	125	77.6	83.5	keep	board
release	O1.5	under 75	231	81.8	72.8	released	halves 79.1/84.5
release	U2.75	under 75	1	0.0	62.6	declined	too few
release	U3.0	under 75	243	74.1	74.2	declined	halves 73.6/74.6
