# The book's record twice a day (webapp.roi_log): slot (UTC date and 00/12 half),
# when it was written, settled bets, hits (pushes as hits), hit rate, staked EUR,
# ROI on stake — the numbers the top tiles print.
# Rows marked 'backfill' (written 1 Oct) are rebuilt from the ledger:
# each settled bet counted from its kickoff + 2 hours, the record taken
# as the slot opens. Cash-outs settled earlier in reality; close enough.
# slot	written_utc	settled	hits	hit	staked	roi
2026-09-02 00	backfill	0	0	0.0	0.00	+0.00
2026-09-02 12	backfill	2	2	100.0	1.80	+18.00
2026-09-03 00	backfill	5	5	100.0	4.50	+25.00
2026-09-03 12	backfill	5	5	100.0	4.50	+25.00
2026-09-04 00	backfill	8	8	100.0	7.20	+27.88
2026-09-04 12	backfill	9	9	100.0	8.10	+28.78
2026-09-05 00	backfill	17	16	94.1	15.30	+19.65
2026-09-05 12	backfill	18	16	88.9	16.20	+13.00
2026-09-06 00	backfill	37	31	83.8	33.30	+5.97
2026-09-06 12	backfill	43	36	83.7	38.70	+5.95
2026-09-07 00	backfill	62	50	80.6	56.40	+4.23
2026-09-07 12	backfill	63	51	81.0	57.30	+4.71
2026-09-08 00	backfill	63	51	81.0	57.30	+4.71
2026-09-08 12	backfill	64	52	81.2	58.20	+5.05
2026-09-09 00	backfill	69	57	82.6	63.50	+7.34
2026-09-09 12	backfill	69	57	82.6	63.50	+7.34
2026-09-10 00	backfill	73	60	82.2	67.90	+6.78
2026-09-10 12	backfill	76	63	82.9	71.20	+7.84
2026-09-11 00	backfill	77	64	83.1	72.30	+8.38
2026-09-11 12	backfill	78	65	83.3	73.40	+9.18
2026-09-12 00	backfill	88	71	80.7	84.85	+4.77
2026-09-12 12	backfill	88	71	80.7	84.85	+4.77
2026-09-13 00	backfill	115	94	81.7	115.30	+6.13
2026-09-13 12	backfill	120	99	82.5	121.10	+6.32
2026-09-14 00	backfill	140	112	80.0	144.80	+2.63
2026-09-14 12	backfill	141	113	80.1	146.00	+2.89
2026-09-15 00	backfill	142	113	79.6	147.20	+2.05
2026-09-15 12	backfill	142	113	79.6	147.20	+2.05
2026-09-16 00	backfill	143	113	79.0	148.40	+1.22
2026-09-16 12	backfill	144	113	78.5	149.60	+0.41
2026-09-17 00	backfill	150	117	78.0	156.65	-0.35
2026-09-17 12	backfill	151	118	78.1	157.80	-0.17
2026-09-18 00	backfill	156	122	78.2	163.60	-0.27
2026-09-18 12	backfill	156	122	78.2	163.60	-0.27
2026-09-19 00	backfill	161	127	78.9	169.35	+0.52
2026-09-19 12	backfill	162	128	79.0	170.50	+0.72
2026-09-20 00	backfill	179	144	80.4	188.58	+2.63
2026-09-20 12	backfill	181	145	80.1	190.88	+2.17
2026-09-21 00	backfill	203	160	78.8	215.63	+1.20
2026-09-21 12	backfill	204	160	78.4	216.78	+0.66
2026-09-22 00	backfill	204	160	78.4	216.78	+0.66
2026-09-22 12	backfill	204	160	78.4	216.78	+0.66
2026-09-23 00	backfill	204	160	78.4	216.78	+0.66
2026-09-23 12	backfill	204	160	78.4	216.78	+0.66
2026-09-24 00	backfill	204	160	78.4	216.78	+0.66
2026-09-24 12	backfill	204	160	78.4	216.78	+0.66
2026-09-25 00	backfill	205	161	78.5	217.93	+0.79
2026-09-25 12	backfill	205	161	78.5	217.93	+0.79
2026-09-26 00	backfill	209	162	77.5	222.53	-0.65
2026-09-26 12	backfill	209	162	77.5	222.53	-0.65
2026-09-27 00	backfill	215	167	77.7	229.43	-0.56
2026-09-27 12	backfill	218	169	77.5	232.88	-0.69
2026-09-28 00	backfill	220	171	77.7	235.18	-0.44
2026-09-28 12	backfill	221	172	77.8	236.33	-0.35
2026-09-29 00	backfill	225	174	77.3	240.93	-1.09
2026-09-29 12	backfill	225	174	77.3	240.93	-1.09
2026-09-30 00	backfill	228	177	77.6	244.38	-0.46
2026-09-30 12	backfill	229	178	77.7	245.53	-0.26
2026-10-01 00	backfill	229	178	77.7	245.53	-0.26
2026-10-01 12	2026-10-01 20:03	232	181	78.0	248.98	+0.27
2026-10-02 00	2026-10-02 00:00	233	182	78.1	250.13	+0.41
2026-10-02 12	2026-10-02 12:02	234	183	78.2	251.28	+0.57
2026-10-03 00	2026-10-03 00:00	236	185	78.4	253.58	+0.89
2026-10-03 12	2026-10-03 12:02	237	186	78.5	254.73	+0.98
2026-10-04 00	2026-10-04 00:23	242	189	78.1	260.48	+0.64
2026-10-04 12	2026-10-04 12:02	242	189	78.1	260.48	+0.64
2026-10-05 00	2026-10-05 00:00	248	193	77.8	267.23	+0.33
2026-10-05 12	2026-10-05 13:57	248	193	77.8	267.23	+0.33
2026-10-06 00	2026-10-06 00:01	249	194	77.9	268.38	+0.43
2026-10-06 12	2026-10-06 12:01	249	194	77.9	268.38	+0.43
2026-10-07 00	2026-10-07 00:01	251	196	78.1	270.11	+0.71
2026-10-07 12	2026-10-07 13:04	252	197	78.2	271.26	+0.85
